# Blender 3.6.5
# www.blender.org
mtllib phantom-chair.mtl
o _
v 0.464608 2.870177 -0.853958
v 0.559702 2.777765 -0.782900
v 0.354080 2.936166 -0.907413
v 0.370400 2.898684 -0.854805
v 0.652957 2.638834 -0.708358
v 0.169766 2.979663 -0.939295
v -0.026169 3.005786 -0.985282
v 0.730621 2.427635 -0.638074
v 0.699362 2.544801 -0.686693
v 0.767920 2.218219 -0.572384
v 0.810089 2.157183 -0.606052
v 0.873137 1.359519 1.034550
v 0.888827 1.427106 0.934424
v 0.868684 1.549026 0.944483
v 0.871365 1.648265 0.799602
v 0.890631 1.590503 0.720440
v 0.889697 1.672388 0.480271
v 0.873746 1.713887 0.473329
v 0.891829 1.634284 -0.189070
v 0.863095 1.676432 -0.172857
v 0.833040 1.932983 -0.518213
v 0.856444 1.790357 -0.456045
v 0.887260 1.673366 -0.374104
v 0.850488 1.711017 -0.331778
v 0.873381 1.789440 -0.512484
v 0.331586 2.901086 -0.881105
v 0.473576 2.841080 -0.843675
v 0.406212 2.919892 -0.963074
v 0.567026 2.746783 -0.780818
v 0.631754 2.665214 -0.752917
v 0.247308 2.956638 -0.950837
v -0.168170 2.964088 -0.948408
v 0.779480 2.208131 -0.609858
v 0.738476 2.283106 -0.600104
v 0.677547 2.497804 -0.658423
v 0.705633 2.486948 -0.679376
v 0.850730 0.930422 1.022253
v 0.845124 1.140669 1.053050
v 0.866951 0.768904 0.966085
v 0.866245 1.388901 0.997011
v 0.858935 1.705179 0.480392
v 0.877109 1.663830 0.457325
v 0.849899 1.640324 0.817317
v 0.873989 1.606165 0.757327
v 0.854941 1.663360 -0.182040
v 0.876859 1.627190 -0.202312
v 0.837523 1.870731 -0.517940
v 0.882964 1.617203 -0.458376
v 0.862732 1.710260 -0.423674
v 0.855702 1.694525 -0.359872
v 0.494124 2.875266 -0.912604
v 0.410584 2.934197 -0.957767
v 0.622308 2.728654 -0.821673
v 0.075898 3.024229 -1.046638
v 0.311111 2.978374 -0.998567
v 0.818268 2.174050 -0.668034
v 0.738218 2.477429 -0.731762
v 0.672855 2.640850 -0.784760
v 0.889275 1.419930 0.810090
v 0.886767 1.211610 0.879836
v 0.886775 1.349218 0.833401
v 0.887834 1.447884 0.752617
v 0.891514 1.504560 0.649939
v 0.899582 1.554860 0.326813
v 0.893935 1.542131 0.515783
v 0.906875 1.531918 -0.088874
v 0.905444 1.539187 -0.260563
v 0.878833 1.793439 -0.586624
v 0.853172 1.975680 -0.636167
v 0.902603 1.568647 -0.370775
v 0.898975 1.618124 -0.456539
v 0.891686 1.683657 -0.522483
v 0.530925 2.820585 -0.886070
v 0.627213 2.693027 -0.813991
v 0.118522 3.004040 -1.046886
v 0.815302 2.108171 -0.662237
v 0.873180 1.210613 0.880381
v 0.873190 1.475973 0.897905
v 0.875010 0.873565 0.886542
v 0.875077 1.045376 0.896800
v 0.879753 1.541014 0.517200
v 0.874683 1.487048 0.692938
v 0.890547 1.537440 -0.262360
v 0.892267 1.528791 -0.103819
v 0.884656 1.553401 0.308384
v 0.873123 1.709228 -0.546045
v 0.852315 1.883440 -0.618977
v 0.888223 1.567520 -0.371787
v 0.571233 2.557525 -0.665454
v 0.684508 2.341514 -0.592518
v 0.704762 2.002527 -0.527396
v 0.553317 2.694489 -0.719030
v 0.300275 2.732575 -0.793882
v 0.651272 2.557306 -0.657426
v -0.031954 2.971684 -0.921203
v 0.262271 2.893294 -0.856153
v 0.176624 2.859278 -0.848400
v 0.044261 2.814342 -0.843876
v 0.528223 1.240077 0.981236
v 0.560606 1.132090 0.975195
v 0.384981 1.231995 0.926032
v 0.417037 1.123911 0.894467
v 0.454281 0.957079 0.793092
v 0.517514 1.050441 0.911443
v 0.630769 0.909696 0.934494
v 0.425026 1.621075 0.584901
v 0.373266 1.601630 0.338358
v 0.347581 1.555001 0.785632
v 0.438714 1.603231 0.713742
v 0.714786 1.672437 -0.067818
v 0.434272 1.573726 -0.122740
v 0.710662 1.668405 -0.219201
v 0.341338 1.538426 -0.316943
v 0.456595 1.589785 -0.404257
v 0.457345 1.620355 -0.493940
v 0.469896 1.759750 -0.614086
v 0.443996 1.664000 -0.569882
v 0.302329 1.683288 -0.664471
v 0.794473 1.686828 0.755672
v 0.767564 1.717403 0.583043
v 0.768752 1.723057 0.346916
v 0.674771 1.837651 -0.508333
v 0.739892 1.776325 -0.433967
v 0.738836 1.694372 -0.307954
v 0.735326 1.725674 -0.380351
v 0.748488 1.860717 -0.479960
v 0.789081 1.439003 1.029641
v 0.820756 1.516276 0.998837
v 0.834887 1.264997 1.078151
v 0.815565 1.651937 0.853402
v 0.814822 1.595998 0.930180
v 0.277089 1.306681 0.915996
v 0.312561 1.104851 0.830531
v 0.189543 1.225543 0.871460
v 0.220780 1.100218 0.792826
v 0.075682 1.298782 0.890606
v -0.029947 1.218657 0.853221
v 0.035560 1.140707 0.795767
v 0.033530 1.014530 0.679211
v 0.183862 0.910561 0.589972
v 0.840268 1.731632 0.423297
v 0.840675 1.701912 0.699172
v 0.120075 1.557927 0.328856
v 0.252040 1.585977 0.554803
v 0.022596 1.566170 0.554025
v -0.024082 1.524621 0.764908
v 0.114516 1.552864 0.690984
v 0.812865 1.686139 -0.165387
v 0.261223 1.528031 -0.136119
v 0.052587 1.500423 -0.156091
v 0.048155 1.493842 -0.346456
v 0.829957 1.739534 -0.375708
v 0.819603 1.803701 -0.441718
v 0.243234 1.529236 -0.453679
v 0.269857 1.564620 -0.547494
v 0.114297 1.650797 -0.704866
v 0.218023 1.600507 -0.634202
v 0.100736 1.538335 -0.572496
v -0.047619 1.504118 -0.480495
v -0.071883 1.647779 -0.708793
v 0.048334 1.582462 -0.655948
v 0.469492 1.921865 -0.645179
v 0.330153 1.807011 -0.695431
v 0.630687 2.262476 -0.591750
v 0.796135 1.945449 -0.503512
v 0.245270 1.872427 -0.728172
v 0.126981 2.212808 -0.763610
v 0.120773 1.735520 -0.735819
v 0.114914 1.851602 -0.752903
v -0.021804 1.843748 -0.760703
v 0.457955 2.325532 -0.679904
v 0.304588 2.333001 -0.735779
v 0.143396 2.666257 -0.808608
v 0.437806 2.678639 -0.743391
v -0.004492 2.448077 -0.790552
v 0.510655 1.326315 0.975625
v 0.453781 1.528704 0.865731
v 0.770778 1.995507 -0.528554
v 0.648290 2.458617 -0.641087
v 0.628446 2.332396 -0.621747
v 0.562764 2.596353 -0.697127
v 0.507899 2.767073 -0.781126
v 0.364162 2.801606 -0.820312
v 0.637358 2.607009 -0.697414
v 0.154032 2.852039 -0.865636
v -0.024789 2.856300 -0.873202
v 0.082392 2.916846 -0.900067
v 0.033418 2.957392 -0.931987
v 0.456278 1.563329 0.788923
v 0.499790 1.525995 0.862367
v 0.543367 1.474217 0.921478
v 0.510256 1.318945 0.963931
v 0.449998 1.390777 0.933452
v 0.332317 1.300362 0.915196
v 0.276083 1.437658 0.876017
v 0.424742 1.586116 0.703908
v 0.407399 1.594465 0.346791
v 0.417104 1.603606 0.556802
v 0.760343 1.701184 0.576152
v 0.411362 1.544144 -0.302938
v 0.375727 1.535707 -0.136588
v 0.708270 1.649837 -0.219998
v 0.500677 1.670558 -0.556565
v 0.480708 1.617248 -0.503522
v 0.410687 1.558250 -0.424278
v 0.787918 1.634964 0.843610
v 0.810480 1.679217 0.747797
v 0.771599 1.707029 0.343744
v 0.758318 1.667832 -0.068475
v 0.718649 1.671134 -0.323532
v 0.750070 1.716524 -0.387704
v 0.731602 1.847173 -0.497124
v 0.740479 1.766161 -0.446310
v 0.845763 1.314989 1.042773
v 0.787245 1.329333 1.045480
v 0.790889 1.120295 1.054232
v 0.805062 0.912732 1.021673
v 0.158518 1.480548 0.819676
v 0.136327 1.296196 0.882604
v 0.114306 1.363355 0.882804
v 0.171968 1.521191 0.760241
v -0.075659 1.293832 0.878135
v 0.829988 1.707054 0.593350
v 0.833079 1.713014 0.341412
v 0.174045 1.553468 0.651550
v 0.165630 1.554662 0.432481
v -0.023349 1.545013 0.647139
v -0.018486 1.545429 0.434297
v 0.824854 1.673855 -0.180183
v 0.197035 1.492365 -0.336626
v -0.000146 1.477874 -0.347809
v 0.151006 1.492914 -0.128790
v -0.062867 1.485926 -0.116735
v 0.828084 1.784082 -0.445018
v 0.824038 1.728903 -0.383182
v 0.823021 1.697015 -0.311471
v 0.300325 1.673015 -0.682397
v 0.319539 1.611496 -0.621354
v 0.272780 1.551962 -0.557157
v 0.222650 1.510555 -0.462600
v 0.073339 1.639195 -0.722793
v 0.125765 1.575739 -0.661038
v -0.049242 1.571724 -0.667767
v 0.075033 1.524086 -0.587082
v 0.000113 1.489998 -0.483941
v 0.357039 2.132693 -0.722872
v 0.467254 1.907305 -0.664865
v 0.488845 2.182530 -0.672749
v 0.475376 1.757553 -0.630598
v 0.311282 1.759321 -0.708345
v 0.688233 1.996548 -0.553194
v 0.804144 1.858205 -0.486309
v 0.164142 2.228446 -0.777977
v 0.249196 1.857034 -0.746340
v 0.096849 1.722249 -0.754247
v 0.022221 1.840574 -0.777728
v 0.310151 2.442104 -0.765188
v 0.129766 2.668995 -0.829181
v -0.092606 2.673531 -0.833158
v -0.037599 2.256400 -0.792946
v 0.455848 2.482985 -0.721391
v 0.375323 2.694848 -0.788841
v 0.578347 1.241762 0.990459
v 0.737280 0.985652 1.019774
v 0.341799 2.950644 -0.991687
v 0.241402 2.983551 -1.024697
v 0.774800 2.290057 -0.694942
v 0.724075 2.466405 -0.734502
v 0.679919 2.587709 -0.770686
v 0.887540 1.006501 0.901281
v 0.867481 1.122249 1.071832
v 0.884936 1.037014 1.025809
v 0.852108 1.473836 0.986665
v 0.857171 1.568361 0.906521
v 0.888987 1.150023 0.907548
v 0.873813 1.424289 0.776753
v 0.873247 1.348084 0.834368
v 0.400009 1.391057 0.935413
v 0.340687 1.453928 0.895878
v 0.782650 1.009967 1.073202
v 0.733801 1.206455 1.064549
v 0.839659 1.009227 1.078384
v 0.794808 1.327002 1.064710
v 0.111842 1.489294 0.828179
v 0.174793 1.374871 0.901761
v 0.690547 1.014986 1.028329
v 0.680726 1.136318 1.041985
v 0.409108 1.228690 0.922058
v 0.432903 0.961849 0.759660
v 0.461924 1.085641 0.875384
v 0.564968 0.838769 0.773462
v 0.783029 1.441147 1.013163
v 0.812928 1.509468 0.986792
v 0.808748 1.585640 0.920590
v 0.286141 1.126533 0.818689
v 0.230837 1.221926 0.865839
v 0.319692 0.921587 0.635722
v -0.052389 1.433722 0.869703
v 0.187048 1.109770 0.775016
v 0.030080 1.217092 0.840365
v 0.155359 0.919534 0.566022
v -0.037419 0.983606 0.625967
v 0.053210 1.117953 0.764368
v 0.880176 0.358954 0.866723
v 0.877530 0.721008 0.996581
v 0.872053 0.116730 0.689172
v 0.873254 1.091874 1.000415
v 0.873389 0.416826 0.830413
v 0.888235 0.001532 0.608017
v 0.888901 0.610772 0.847483
v 0.873221 0.002572 0.604914
v 0.879959 0.682373 0.848502
v 0.871866 0.456561 0.788004
v 0.809075 0.464644 0.914715
v 0.658690 0.683021 0.801844
v 0.786983 0.719219 1.006131
v 0.835157 0.005356 0.706787
v 0.816847 0.265146 0.815690
v 0.812273 0.159053 0.728120
v 0.775245 0.318070 0.694629
v 0.710099 0.336831 0.425683
v 0.671048 0.243078 0.091019
v 0.701846 0.147193 -0.024022
v 0.730434 0.090925 0.049536
v 0.552930 0.833956 0.784728
v 0.861099 0.483578 0.936549
v 0.842456 0.813995 1.044049
v 0.762012 0.508879 0.866660
v 0.617839 0.417811 0.332364
v 0.691912 0.511795 0.673970
v 0.843362 0.432031 0.917067
v 0.765030 0.717623 0.942493
v 0.688585 0.733067 0.858639
v 0.603969 1.062682 0.961434
v 0.607665 0.930755 0.893693
v 0.810753 0.336985 0.778393
v 0.798619 0.293571 0.677301
v 0.813574 0.394265 0.821051
v 0.829551 0.140055 0.694587
v 0.681202 0.375301 0.351013
v 0.749353 0.195883 0.211024
v 0.773233 0.110710 0.211248
v 0.836913 0.377728 0.824992
v 0.573153 0.588559 0.483157
v 0.660191 0.594887 0.655872
v 0.705487 0.421380 0.508951
v 0.835075 0.665195 0.947768
v 0.856581 0.445965 0.856996
v 0.756507 0.422410 0.689162
v 0.766187 0.108613 0.281399
v 0.789116 0.002260 0.487238
v 0.659517 0.014319 -0.041706
v 0.759721 0.014512 0.326551
v 0.704717 0.003020 0.114276
v 0.753884 0.020244 0.230753
v 0.888963 0.574333 0.904279
v 0.873339 0.004695 0.708365
v 0.887185 0.000975 0.674333
v 0.871956 0.001751 0.630071
v 0.856472 0.004170 0.635774
v 0.835940 0.005105 0.632574
v 0.820385 0.000831 0.675862
v 0.831376 0.000939 0.630904
v 0.849707 0.002971 0.714121
v 0.885153 0.005889 0.604562
v 0.784398 0.000198 0.345003
v 0.766188 0.014330 0.169605
v 0.718783 0.057197 -0.099396
v 0.340762 0.000198 -0.700898
v 0.147463 0.009231 -0.802794
v 0.515212 0.002760 -0.547755
v -0.002476 0.018825 -0.776557
v 0.419903 0.021530 -0.615734
v 0.504561 0.048267 -0.546072
v 0.266809 0.025690 -0.727318
v -0.007512 0.041698 -0.815592
v 0.115405 0.016078 -0.678715
v 0.120025 0.021285 -0.777893
v -0.000002 0.016196 -0.691251
v 0.224858 0.015698 -0.643805
v 0.428312 0.017301 -0.492170
v 0.330752 0.016422 -0.578838
v 0.225766 0.001357 -0.641681
v 0.058894 0.000604 -0.692890
v 0.504091 0.123923 -0.501473
v 0.394189 0.129022 -0.599861
v 0.275795 0.117134 -0.703157
v 0.357393 0.272809 -0.276448
v 0.193700 0.217354 -0.490266
v 0.000422 0.247513 -0.446685
v 0.142292 0.115571 -0.760844
v 0.258849 0.659871 0.309073
v 0.247631 0.498796 0.070039
v 0.332180 0.781322 0.509789
v 0.039189 0.790750 0.421039
v 0.046659 0.530160 0.064627
v 0.172365 0.324899 -0.268868
v 0.461146 0.365393 -0.004817
v -0.000254 0.109148 -0.814286
v 0.147235 0.129698 -0.760967
v 0.355531 0.142057 -0.639897
v 0.290208 0.094246 -0.739214
v 0.147065 0.066976 -0.813250
v 0.517744 0.127284 -0.517609
v 0.418986 0.094676 -0.648171
v 0.526678 0.044976 -0.550772
v 0.127474 0.273092 -0.417417
v 0.461248 0.300727 -0.176761
v 0.311162 0.287654 -0.318739
v 0.127612 0.691717 0.277306
v -0.044595 0.700882 0.276313
v 0.292536 0.686743 0.335166
v 0.340708 0.504471 0.097874
v 0.148780 0.505147 0.008371
v -0.049489 0.510680 -0.001772
v -0.055603 0.342358 -0.298569
v 0.402618 0.074106 -0.649610
v 0.277198 0.061499 -0.738909
v -0.000905 0.080733 -0.812257
v 0.139663 0.060623 -0.797313
v 0.417574 0.027348 -0.664551
v 0.289015 0.028422 -0.754859
v 0.000352 0.029494 -0.835475
v 0.603930 0.000596 -0.401575
v 0.565509 0.020745 -0.430031
v 0.627476 0.026254 -0.302848
v 0.539528 0.016128 -0.328561
v 0.603303 0.001641 -0.186090
v 0.506753 0.001062 -0.376062
v 0.641660 0.134193 -0.238727
v 0.578591 0.130286 -0.381890
v 0.565277 0.576805 0.495433
v 0.449901 0.786427 0.614146
v 0.455771 0.570965 0.338988
v 0.588807 0.329949 0.105217
v 0.608946 0.145166 -0.348973
v 0.666662 0.110539 -0.258027
v 0.611396 0.044771 -0.417283
v 0.697810 0.155735 -0.097035
v 0.507342 0.371401 0.020300
v 0.609426 0.385973 0.203159
v 0.445770 0.634755 0.386257
v 0.684118 0.038761 -0.146295
v 0.616626 0.060979 -0.359580
v 0.666699 0.008402 -0.261924
v 0.560831 2.809307 -0.871132
v 0.218974 3.003778 -1.024471
v 0.885603 0.445329 0.782682
v 0.424213 0.001711 -0.490821
v 0.329743 0.000663 -0.581816
v -0.500904 2.849858 -0.848299
v -0.459325 2.857400 -0.830375
v -0.365075 2.932241 -0.906516
v -0.355975 2.960814 -0.982617
v -0.593237 2.734065 -0.756641
v -0.230665 2.976189 -0.945771
v -0.302291 2.920683 -0.874747
v -0.702549 2.491125 -0.648053
v -0.722806 2.487227 -0.676401
v -0.807086 2.158755 -0.596173
v -0.769095 2.246822 -0.586846
v -0.651244 2.610831 -0.685861
v -0.662808 2.637281 -0.730450
v -0.873233 1.359993 1.034145
v -0.862641 1.553077 0.948155
v -0.885406 1.501804 0.924898
v -0.865482 1.652841 0.804052
v -0.888095 1.610137 0.766129
v -0.874124 1.700262 0.574672
v -0.876154 1.704533 0.328449
v -0.898971 1.621994 0.296944
v -0.862874 1.676577 -0.171153
v -0.885074 1.647772 -0.186335
v -0.895926 1.620614 -0.323080
v -0.873677 1.788095 -0.512996
v -0.856838 1.789104 -0.455529
v -0.834233 1.928138 -0.517246
v -0.869531 1.702739 -0.357684
v -0.899082 1.618557 -0.456317
v -0.419456 2.867964 -0.859222
v -0.351375 2.925913 -0.929097
v -0.639099 2.621308 -0.709382
v -0.604844 2.704765 -0.767463
v -0.532278 2.758266 -0.775983
v -0.494358 2.834079 -0.853534
v -0.312153 2.907472 -0.885716
v -0.312329 2.963060 -1.003457
v -0.806270 2.100600 -0.604152
v -0.751262 2.308943 -0.621942
v -0.677250 2.564831 -0.704884
v -0.687044 2.477452 -0.651084
v -0.861530 1.259258 1.036667
v -0.849577 1.190091 1.051762
v -0.871378 0.808104 0.963807
v -0.873061 1.170986 0.982134
v -0.859694 1.701707 0.329074
v -0.862699 1.689339 0.571479
v -0.879309 1.642756 0.395104
v -0.849741 1.640156 0.818033
v -0.861342 1.596405 0.870525
v -0.852828 1.664685 -0.174907
v -0.878231 1.623949 -0.188348
v -0.821575 1.927458 -0.528099
v -0.842917 1.785038 -0.463200
v -0.856316 1.788080 -0.509551
v -0.864115 1.682321 -0.359150
v -0.503985 2.866296 -0.906110
v -0.596553 2.767971 -0.844211
v -0.171444 3.012606 -1.034378
v -0.265942 2.992171 -1.013227
v -0.832393 2.100590 -0.656833
v -0.763355 2.394924 -0.711702
v -0.681123 2.625308 -0.777683
v -0.889132 1.424008 0.778211
v -0.884666 1.352428 0.829626
v -0.889735 1.487640 0.691875
v -0.893745 1.542063 0.515474
v -0.898454 1.554097 0.311956
v -0.905298 1.538885 -0.260980
v -0.906782 1.531166 -0.095229
v -0.866759 1.884646 -0.615893
v -0.903887 1.569463 -0.369863
v -0.891977 1.684532 -0.522353
v -0.427969 2.904718 -0.951095
v -0.505945 2.844814 -0.905049
v -0.586427 2.755608 -0.847042
v -0.149141 3.000341 -1.042951
v -0.707107 2.517799 -0.748402
v -0.763878 2.332443 -0.702986
v -0.659486 2.633270 -0.788301
v -0.873184 1.210570 0.880384
v -0.874431 1.446847 0.753686
v -0.877836 1.518280 0.613874
v -0.882468 1.553134 0.402425
v -0.812829 2.118824 -0.662915
v -0.875529 1.682884 -0.524992
v -0.877274 1.759154 -0.573462
v -0.851744 1.892012 -0.622081
v -0.883642 1.615835 -0.457627
v -0.887798 1.567262 -0.371777
v -0.600563 2.453680 -0.632828
v -0.663603 2.490451 -0.634681
v -0.726646 2.239054 -0.566865
v -0.517055 2.777153 -0.766837
v -0.370955 2.788865 -0.795083
v -0.573450 2.619737 -0.684628
v -0.081095 2.928267 -0.886662
v -0.107382 2.867412 -0.856981
v -0.465201 1.231118 0.955176
v -0.633120 1.078652 1.007350
v -0.494436 1.012149 0.871932
v -0.368116 1.119316 0.867585
v -0.332872 1.305332 0.927492
v -0.414006 1.620330 0.424998
v -0.402333 1.595229 0.709896
v -0.388452 1.562684 0.789820
v -0.373383 1.606095 0.607348
v -0.278979 1.581201 0.334784
v -0.406770 1.560008 -0.298589
v -0.705178 1.666293 -0.215000
v -0.710202 1.670628 -0.072934
v -0.381835 1.563565 -0.429179
v -0.328812 1.579076 -0.538993
v -0.493341 1.680406 -0.545546
v -0.500967 1.747904 -0.586449
v -0.741697 1.712195 0.578689
v -0.768988 1.722969 0.344787
v -0.792526 1.647122 0.851350
v -0.763501 1.681657 0.749832
v -0.675565 1.837989 -0.508001
v -0.748485 1.860632 -0.479917
v -0.733948 1.775866 -0.435865
v -0.732570 1.720152 -0.374104
v -0.744741 1.696944 -0.310991
v -0.788826 1.437032 1.030642
v -0.821342 1.517868 0.997656
v -0.791964 1.592312 0.927538
v -0.836023 1.621561 0.894475
v -0.839280 1.324062 1.063864
v -0.282598 1.123718 0.830708
v -0.229897 1.223888 0.878536
v -0.314590 0.909608 0.644996
v -0.136382 1.301237 0.895049
v -0.184412 1.105966 0.787387
v -0.148305 0.962864 0.638778
v -0.830799 1.728267 0.521269
v -0.840887 1.727562 0.348574
v -0.834907 1.698849 0.720002
v -0.186809 1.577166 0.556527
v -0.166413 1.560388 0.690241
v -0.077895 1.555296 0.332092
v -0.811678 1.686129 -0.165452
v -0.346427 1.545189 -0.139206
v -0.194500 1.508512 -0.332330
v -0.117881 1.508423 -0.122571
v -0.832548 1.719326 -0.345285
v -0.819786 1.803606 -0.441696
v -0.294666 1.681181 -0.668926
v -0.314031 1.621802 -0.610042
v -0.073755 1.536881 -0.577791
v -0.123395 1.586451 -0.649335
v -0.471444 1.850226 -0.637016
v -0.305424 1.765435 -0.693421
v -0.372433 1.900476 -0.686567
v -0.704440 2.000090 -0.526958
v -0.796198 1.945106 -0.503397
v -0.094878 1.728765 -0.738725
v -0.203287 1.857641 -0.738477
v -0.249072 2.124132 -0.736020
v -0.432116 2.272657 -0.687386
v -0.225848 2.446249 -0.767318
v -0.075201 2.257962 -0.772437
v -0.409188 2.670972 -0.752757
v -0.444435 2.488390 -0.707041
v -0.041997 2.688118 -0.819922
v -0.202650 2.730197 -0.813160
v -0.536089 1.321024 0.983811
v -0.438977 1.466196 0.911900
v -0.698435 2.305226 -0.597949
v -0.711388 1.997514 -0.541889
v -0.332669 2.807425 -0.827464
v -0.597633 2.614123 -0.697280
v -0.251257 2.868949 -0.862840
v -0.484460 1.568478 0.794311
v -0.456733 1.517934 0.855517
v -0.469996 1.460967 0.907218
v -0.468205 1.294364 0.952232
v -0.491475 1.393923 0.943573
v -0.324408 1.564310 0.692130
v -0.434986 1.603496 0.613554
v -0.432066 1.607845 0.496499
v -0.400464 1.591797 0.339063
v -0.407074 1.542817 -0.303708
v -0.350913 1.528502 -0.137762
v -0.452952 1.654745 -0.580328
v -0.477846 1.753117 -0.627724
v -0.463725 1.608214 -0.502754
v -0.462305 1.575649 -0.410727
v -0.787322 1.634926 0.843516
v -0.810471 1.678597 0.749873
v -0.767020 1.702509 0.577225
v -0.730658 1.659307 -0.069920
v -0.795716 1.713495 0.351571
v -0.711920 1.651164 -0.222219
v -0.715317 1.670025 -0.323164
v -0.715825 1.703970 -0.398102
v -0.730932 1.847436 -0.497463
v -0.745203 1.766448 -0.444522
v -0.771877 1.328864 1.042864
v -0.792480 1.224403 1.056585
v -0.644133 1.212687 1.013950
v -0.776932 1.011894 1.036754
v -0.832135 1.013669 1.042384
v -0.157377 1.518259 0.759173
v -0.161128 1.480945 0.821791
v -0.100140 1.425709 0.859221
v -0.276741 1.301511 0.903654
v -0.220236 1.369953 0.893370
v -0.830124 1.706949 0.594404
v -0.213262 1.562431 0.589056
v -0.183855 1.556554 0.422302
v -0.808974 1.673365 -0.186803
v -0.195706 1.492150 -0.336457
v -0.830643 1.731861 -0.383497
v -0.813852 1.795113 -0.451813
v -0.822864 1.696924 -0.311232
v -0.222009 1.589969 -0.645759
v -0.308029 1.675137 -0.677906
v -0.274201 1.552057 -0.556497
v -0.246770 1.514700 -0.460222
v -0.116634 1.642254 -0.718803
v -0.102475 1.525502 -0.581670
v -0.427928 1.903366 -0.684234
v -0.790631 1.940271 -0.516661
v -0.207704 2.112054 -0.763582
v -0.197395 1.860709 -0.759153
v -0.312609 1.759929 -0.708020
v -0.123269 1.729092 -0.751325
v -0.389403 2.300879 -0.723823
v -0.617121 2.291082 -0.621079
v -0.229143 2.441406 -0.784704
v -0.440653 2.673146 -0.760395
v -0.298061 2.689401 -0.805622
v -0.554141 2.581831 -0.695927
v -0.679839 1.044492 1.004127
v -0.772173 0.856815 0.998407
v 0.014385 3.011549 -1.053933
v -0.886769 1.211630 0.879835
v -0.874951 0.877576 0.887193
v -0.887571 1.008170 0.901392
v -0.875080 1.045293 0.896797
v -0.893134 1.529234 -0.100253
v -0.890229 1.537409 -0.259804
v -0.867480 1.119810 1.071723
v -0.884884 1.036507 1.026090
v -0.889466 1.279122 0.920872
v -0.857802 1.468789 0.983286
v -0.872402 1.328797 0.843012
v -0.873592 1.530111 0.857374
v -0.418539 1.394575 0.939071
v -0.418124 1.522511 0.860301
v -0.734098 1.017763 1.054728
v -0.771000 1.109543 1.077738
v -0.821409 0.875135 1.059447
v -0.840910 1.084733 1.084748
v -0.793190 1.327444 1.064379
v -0.114136 1.370893 0.895030
v -0.164444 1.493124 0.833987
v -0.634152 1.248738 1.025144
v -0.488016 1.151731 0.929264
v -0.385902 1.229746 0.913689
v -0.436457 1.028053 0.818903
v -0.590230 1.026496 0.934725
v -0.816314 1.429804 1.023281
v -0.783054 1.516282 0.973972
v -0.813106 1.574593 0.935118
v -0.315588 1.142841 0.842472
v -0.190099 1.223607 0.858708
v -0.341543 1.012464 0.743649
v -0.176260 1.117075 0.778497
v -0.186949 0.920276 0.577236
v -0.872523 0.363307 0.879527
v -0.888592 0.000493 0.657839
v -0.888241 0.568081 0.921071
v -0.867669 0.719939 1.009338
v -0.873564 0.410130 0.827019
v -0.872026 0.454101 0.786866
v -0.887267 0.705457 0.856990
v -0.888148 0.462414 0.789133
v -0.874125 0.681786 0.850486
v -0.637763 0.938598 0.953600
v -0.776512 0.769205 1.016352
v -0.814084 0.184574 0.763603
v -0.784396 0.281215 0.693884
v -0.686674 0.153750 -0.067763
v -0.734481 0.209226 0.258300
v -0.753134 0.378079 0.687260
v -0.846994 0.014319 0.718336
v -0.846149 0.383286 0.896696
v -0.633385 0.788943 0.854633
v -0.693742 0.665624 0.852579
v -0.678389 0.466507 0.571370
v -0.615390 0.624572 0.651936
v -0.466144 0.829114 0.674679
v -0.835469 0.608765 0.982216
v -0.810317 0.372161 0.870605
v -0.668568 0.364633 0.357199
v -0.750235 0.760763 0.950517
v -0.751199 0.574773 0.841415
v -0.823039 0.670658 0.947234
v -0.803454 0.365759 0.784567
v -0.827810 0.190615 0.719667
v -0.809440 0.441351 0.842955
v -0.733479 0.203780 0.146221
v -0.737880 0.315902 0.414450
v -0.767933 0.116185 0.179664
v -0.798902 0.269527 0.645361
v -0.837919 0.373220 0.823074
v -0.645256 0.681610 0.730718
v -0.532875 0.814216 0.707336
v -0.599051 0.899820 0.861825
v -0.856977 0.822853 0.992975
v -0.857886 0.476052 0.869963
v -0.704744 0.527176 0.674050
v -0.667606 0.401102 0.364289
v -0.805917 0.033983 0.600499
v -0.763629 0.097478 0.254601
v -0.754726 0.024335 0.231130
v -0.694326 0.038917 -0.100033
v -0.705132 0.091836 -0.067042
v -0.765425 0.001874 0.358319
v -0.658108 0.004054 -0.036407
v -0.742769 0.010026 0.270216
v -0.659063 0.014228 -0.042888
v -0.629698 0.026519 -0.295364
v -0.882079 0.001364 0.694068
v -0.888266 0.002036 0.607934
v -0.866129 0.004412 0.635062
v -0.832103 0.002588 0.630325
v -0.832324 0.003240 0.701807
v -0.821410 0.000432 0.678340
v -0.871875 0.001483 0.631112
v -0.866494 0.004680 0.710830
v -0.796468 0.001345 0.381924
v -0.714983 0.011916 -0.089742
v -0.515678 0.001847 -0.548409
v -0.413488 0.009763 -0.664040
v -0.287987 0.020580 -0.754251
v -0.177778 0.001906 -0.779219
v -0.002924 0.000356 -0.806487
v -0.293144 0.022191 -0.712059
v -0.146474 0.034534 -0.790633
v -0.402937 0.049241 -0.654917
v -0.426375 0.016774 -0.490945
v -0.329681 0.017355 -0.583275
v -0.216380 0.015896 -0.646326
v -0.426451 0.000276 -0.491363
v -0.330803 0.000358 -0.579071
v -0.224765 0.000650 -0.644068
v -0.114786 0.003712 -0.676562
v -0.501000 0.122945 -0.507526
v -0.400611 0.119882 -0.614278
v -0.275308 0.116634 -0.704742
v -0.065899 0.121466 -0.769313
v -0.191344 0.210495 -0.507302
v -0.455536 0.282724 -0.176091
v -0.352799 0.271034 -0.283352
v -0.334462 0.490157 0.106077
v -0.286451 0.676617 0.349074
v -0.146082 0.489545 0.016372
v -0.124982 0.680297 0.291073
v -0.170351 0.318848 -0.281258
v -0.149095 0.111675 -0.789842
v -0.289504 0.094703 -0.740389
v -0.349499 0.140879 -0.647933
v -0.146395 0.027933 -0.814234
v -0.527934 0.068038 -0.546385
v -0.417350 0.095055 -0.650213
v -0.513015 0.135635 -0.508199
v -0.062907 0.225089 -0.543235
v -0.309594 0.286889 -0.321386
v -0.458084 0.302582 -0.176169
v -0.251993 0.513897 0.061941
v -0.346663 0.765387 0.473402
v -0.218579 0.704900 0.323819
v -0.509311 0.061905 -0.540480
v -0.281490 0.060617 -0.739510
v -0.144361 0.081666 -0.790956
v -0.602429 0.000626 -0.403533
v -0.589391 0.060722 -0.418147
v -0.515445 0.020003 -0.511394
v -0.537826 0.015558 -0.330610
v -0.579375 0.000562 -0.239406
v -0.505361 0.003677 -0.376444
v -0.632752 0.134298 -0.262471
v -0.578961 0.141010 -0.359011
v -0.569997 0.504565 0.398867
v -0.436473 0.625936 0.399567
v -0.500093 0.354287 0.022386
v -0.574816 0.358102 0.138866
v -0.593990 0.139985 -0.380845
v -0.654431 0.145321 -0.241796
v -0.609416 0.045178 -0.420935
v -0.690437 0.099501 -0.195028
v -0.585421 0.268535 -0.096818
v -0.687054 0.197646 -0.032620
v -0.458871 0.796279 0.603400
v -0.465108 0.581909 0.328641
v -0.577057 0.586290 0.486316
v -0.581469 0.424075 0.224242
v -0.437035 0.472045 0.122448
v -0.648485 0.061488 -0.272966
v -0.665584 0.021809 -0.273878
v -0.433222 2.919673 -0.946884
v -0.074582 3.023260 -1.045954
v -0.884839 0.005015 0.604771
v -0.873971 0.002228 0.604338
vn 0.7180 0.5541 -0.4213
vn 0.3466 0.8038 0.4836
vn 0.4140 0.7047 0.5762
vn 0.5757 0.7326 -0.3633
vn 0.2050 0.8792 0.4301
vn 0.7639 0.4058 -0.5017
vn 0.8623 0.4534 -0.2255
vn 0.5751 0.5641 0.5925
vn 0.1011 0.8606 -0.4992
vn -0.0121 0.9271 0.3745
vn 0.0705 0.8645 0.4977
vn 0.7826 0.4384 0.4419
vn 0.6999 0.3554 0.6196
vn 0.8445 0.2460 -0.4757
vn 0.9721 0.2332 0.0242
vn 0.9919 0.1126 0.0585
vn 0.7775 -0.6288 -0.0146
vn 0.7015 0.7110 0.0486
vn 0.7773 0.5666 0.2734
vn 0.7919 -0.6102 0.0239
vn 0.9332 0.3593 0.0092
vn 0.5576 0.8294 0.0343
vn 0.9041 0.2698 0.3313
vn 0.7022 0.3291 0.6313
vn 0.9610 0.2217 0.1656
vn 0.9373 0.3274 0.1192
vn 0.1578 -0.3746 -0.9137
vn -0.1173 -0.8888 -0.4431
vn 0.0978 -0.3901 -0.9156
vn -0.0174 -0.7924 -0.6098
vn -0.0165 -0.2860 -0.9581
vn 0.1818 -0.4523 -0.8731
vn -0.1007 -0.7634 -0.6380
vn -0.8601 -0.2862 -0.4222
vn -0.8097 -0.3881 -0.4401
vn -0.4861 -0.3045 -0.8191
vn -0.3926 -0.4086 -0.8240
vn -0.4324 -0.3263 -0.8406
vn -0.4528 -0.3539 -0.8184
vn -0.3814 -0.4950 -0.7807
vn -0.7098 -0.5830 -0.3952
vn -0.8051 -0.3386 -0.4870
vn -0.4607 -0.2361 -0.8556
vn -0.5846 -0.6699 -0.4576
vn -0.9322 -0.3320 -0.1440
vn -0.5951 -0.7524 -0.2824
vn -0.9497 -0.3125 -0.0195
vn -0.6792 -0.7327 -0.0434
vn 0.7973 -0.5772 -0.1766
vn 0.7467 -0.6592 -0.0884
vn 0.5177 -0.7167 -0.4673
vn 0.9994 -0.0275 -0.0206
vn -0.3210 -0.7797 -0.5376
vn -0.1005 -0.6196 -0.7785
vn -0.4860 -0.6894 -0.5371
vn -0.3804 -0.4432 -0.8117
vn -0.9663 0.0189 -0.2567
vn -0.6988 -0.0604 -0.7128
vn -0.7716 0.0891 -0.6298
vn -0.9651 -0.2609 -0.0207
vn -0.8140 -0.5063 -0.2848
vn -0.9747 -0.2113 -0.0736
vn -0.6841 -0.7135 -0.1516
vn -0.5689 -0.8121 -0.1295
vn -0.5257 -0.8504 -0.0213
vn -0.6810 -0.7322 0.0143
vn -0.3914 -0.2950 -0.8717
vn -0.4602 -0.5167 -0.7220
vn -0.5844 -0.7540 -0.3001
vn -0.3347 0.1488 0.9305
vn -0.0065 0.2578 0.9662
vn -0.2448 0.2527 0.9360
vn -0.3002 0.1659 0.9393
vn 0.2289 0.4049 0.8852
vn 0.5312 0.2971 0.7935
vn -0.0564 0.4704 0.8806
vn -0.2092 0.2313 0.9501
vn -0.2763 0.2338 0.9322
vn 0.0934 0.7034 0.7046
vn -0.0186 0.7776 0.6285
vn 0.0281 0.5320 0.8463
vn 0.0687 0.3072 0.9492
vn -0.0604 0.3019 0.9514
vn -0.2893 0.0730 0.9545
vn -0.3062 -0.2836 0.9087
vn -0.3851 -0.0940 0.9181
vn -0.4539 0.6314 0.6288
vn -0.4075 0.8221 0.3976
vn -0.3117 0.8037 0.5069
vn -0.4853 0.3400 0.8056
vn -0.3516 0.4632 0.8135
vn 0.1285 0.8632 0.4882
vn -0.2159 0.9463 0.2406
vn -0.1776 0.8778 0.4450
vn -0.2614 0.9625 -0.0727
vn -0.2377 0.9692 -0.0640
vn -0.1778 0.9833 -0.0378
vn -0.4748 0.3066 0.8250
vn -0.3169 0.5961 0.7378
vn 0.7663 0.4389 0.4692
vn 0.1582 0.5093 0.8459
vn 0.7497 0.1933 0.6330
vn -0.1857 -0.1341 0.9734
vn -0.1478 -0.4649 0.8730
vn -0.0489 -0.2398 0.9696
vn 0.0167 -0.4955 0.8684
vn 0.2079 0.9781 -0.0125
vn 0.3415 0.9182 0.2010
vn -0.1454 0.9840 0.1032
vn -0.1541 0.9874 0.0367
vn -0.0861 0.9930 -0.0810
vn -0.0820 0.9784 0.1900
vn -0.0084 0.9996 0.0254
vn 0.0578 0.9950 -0.0813
vn 0.0232 0.9084 0.4174
vn -0.0133 0.9994 0.0313
vn -0.2986 0.9522 0.0641
vn -0.2486 0.9674 0.0490
vn -0.1866 0.9803 -0.0645
vn -0.2985 0.9529 -0.0543
vn -0.0434 0.9972 -0.0607
vn 0.4644 0.8368 0.2900
vn -0.2998 0.8671 0.3979
vn -0.2513 0.7261 0.6400
vn -0.1521 0.4919 0.8573
vn -0.2053 0.9605 0.1876
vn -0.0538 0.9979 0.0366
vn 0.0476 0.9807 0.1897
vn -0.1166 0.9147 0.3869
vn -0.0508 0.7623 0.6453
vn 0.0760 0.5060 0.8592
vn 0.0996 0.9118 0.3983
vn -0.3431 0.1954 0.9188
vn -0.4358 0.1144 0.8927
vn -0.2647 0.3587 0.8951
vn 0.1759 0.3234 0.9297
vn 0.1289 0.5936 0.7944
vn -0.1270 0.0871 0.9881
vn -0.1487 0.2478 0.9573
vn -0.2491 0.0858 0.9647
vn 0.0232 0.0980 0.9949
vn -0.1140 0.0604 0.9916
vn -0.3854 0.1085 0.9163
vn -0.2692 0.0989 0.9580
vn -0.1073 0.1632 0.9807
vn -0.0398 0.1068 0.9935
vn -0.0262 0.1959 0.9803
vn 0.0236 0.1663 0.9858
vn 0.0114 0.4715 0.8818
vn -0.0890 0.2426 0.9660
vn -0.0701 0.3287 0.9418
vn -0.2325 0.7255 0.6478
vn 0.3163 -0.1541 -0.9360
vn 0.0731 -0.2675 -0.9608
vn -0.0579 -0.2630 -0.9631
vn 0.2112 -0.2889 -0.9338
vn -0.0415 -0.5644 -0.8244
vn 0.2298 -0.1709 -0.9581
vn 0.0172 -0.5298 -0.8479
vn 0.2056 0.1107 -0.9724
vn 0.2244 -0.2668 -0.9373
vn 0.3043 -0.0973 -0.9476
vn 0.1531 -0.5179 -0.8416
vn 0.2597 -0.5361 -0.8032
vn 0.2028 -0.9756 -0.0836
vn 0.2189 -0.9505 -0.2206
vn 0.2236 -0.9737 -0.0444
vn 0.3001 -0.9507 -0.0781
vn 0.2586 -0.9638 0.0651
vn 0.2955 -0.9542 -0.0478
vn 0.4681 -0.3280 -0.8206
vn 0.4818 -0.6010 -0.6378
vn 0.3360 -0.4717 -0.8152
vn -0.1532 -0.9489 -0.2758
vn 0.0945 -0.8745 -0.4757
vn 0.2077 -0.8771 -0.4330
vn 0.2549 -0.9646 0.0672
vn 0.2469 -0.9670 0.0632
vn 0.1917 -0.9809 0.0330
vn 0.3278 -0.7819 -0.5303
vn 0.3558 -0.8935 -0.2742
vn 0.4223 -0.7961 -0.4335
vn 0.3577 -0.5938 -0.7208
vn 0.1327 0.2528 -0.9584
vn 0.1276 0.0713 -0.9893
vn -0.5247 0.1554 -0.8370
vn 0.0862 -0.1726 -0.9812
vn -0.5219 0.0127 -0.8529
vn 0.0671 -0.7700 -0.6345
vn 0.2398 -0.7285 -0.6417
vn 0.0673 -0.1124 -0.9914
vn 0.1009 0.2097 -0.9725
vn -0.0537 -0.5062 -0.8608
vn -0.0422 0.2527 -0.9666
vn -0.2493 -0.9569 -0.1493
vn -0.6151 -0.7021 -0.3586
vn -0.0976 -0.9030 -0.4183
vn -0.0129 -0.9921 -0.1252
vn 0.1006 -0.9012 -0.4215
vn -0.0999 -0.9942 -0.0410
vn -0.1708 -0.9840 0.0508
vn 0.1583 -0.9867 -0.0382
vn 0.1173 -0.9905 0.0721
vn 0.0021 -0.9995 -0.0327
vn -0.1070 -0.8134 -0.5718
vn -0.2998 -0.5966 -0.7445
vn -0.0625 -0.9607 -0.2704
vn 0.2663 -0.8755 -0.4032
vn 0.3560 -0.6925 -0.6275
vn 0.3470 -0.9146 -0.2075
vn 0.1614 -0.7495 -0.6421
vn 0.0858 -0.5179 -0.8511
vn 0.0777 -0.9138 -0.3988
vn 0.2034 -0.9594 -0.1955
vn -0.0051 -0.9819 -0.1892
vn 0.3201 -0.0565 -0.9457
vn 0.4301 -0.1172 -0.8951
vn 0.2574 -0.1135 -0.9596
vn 0.4105 -0.0758 -0.9087
vn 0.3874 -0.1614 -0.9077
vn -0.1747 -0.4585 -0.8714
vn 0.3530 -0.3400 -0.8717
vn 0.3386 -0.2333 -0.9116
vn 0.1191 -0.2759 -0.9538
vn 0.2614 -0.1188 -0.9579
vn 0.3603 -0.1411 -0.9221
vn 0.1553 -0.0723 -0.9852
vn 0.0955 -0.1636 -0.9819
vn 0.0228 -0.1030 -0.9944
vn -0.0353 -0.0718 -0.9968
vn -0.0696 -0.1658 -0.9837
vn -0.0263 -0.2667 -0.9634
vn 0.0888 -0.3068 -0.9476
vn 0.2623 -0.2075 -0.9424
vn 0.3336 0.0419 -0.9418
vn 0.3765 0.2171 -0.9006
vn 0.8561 0.1484 -0.4950
vn 0.7596 -0.3944 -0.5171
vn 0.6423 -0.2152 -0.7357
vn 0.9896 0.0735 0.1236
vn 0.9666 -0.0259 0.2552
vn -0.9138 -0.1163 -0.3891
vn -0.9918 -0.0766 -0.1022
vn -0.6679 -0.3287 -0.6677
vn -0.7690 -0.4582 -0.4457
vn 0.9911 -0.0409 0.1269
vn 0.9990 -0.0051 -0.0445
vn 0.7865 0.0203 -0.6173
vn -0.7717 -0.4032 -0.4918
vn -0.7692 -0.2950 -0.5668
vn -0.1807 0.4994 0.8473
vn 0.2359 0.1253 0.9637
vn 0.6727 0.0056 0.7399
vn -0.2738 0.0246 0.9615
vn -0.2309 0.2567 0.9385
vn -0.4107 -0.0943 0.9069
vn -0.2608 -0.1229 0.9575
vn 0.4705 0.4917 -0.7327
vn 0.6786 0.5140 -0.5247
vn 0.4837 0.6012 -0.6361
vn 0.5148 0.2977 -0.8040
vn 0.3305 0.2891 -0.8984
vn 0.1824 0.4477 -0.8754
vn -0.0931 -0.5368 -0.8386
vn -0.0887 -0.7282 -0.6797
vn -0.0934 0.1262 0.9876
vn -0.0815 0.7593 0.6456
vn 0.0133 0.4732 0.8809
vn 0.0829 0.1307 0.9879
vn 0.1554 0.6608 -0.7343
vn 0.3084 0.5572 -0.7710
vn 0.0241 0.5234 -0.8517
vn 0.0235 0.6670 -0.7446
vn 0.8209 -0.2295 0.5229
vn 0.7040 -0.6998 0.1213
vn 0.8095 -0.1562 0.5660
vn -0.7869 0.1729 -0.5923
vn -0.8859 0.1904 -0.4230
vn -0.7734 0.1888 -0.6051
vn 0.8116 0.1401 -0.5672
vn 0.9817 0.0622 -0.1800
vn 0.2494 0.3396 -0.9069
vn -0.5122 -0.8002 -0.3118
vn -0.5736 -0.4544 -0.6815
vn -0.5276 -0.2100 0.8231
vn -0.4131 -0.3130 0.8552
vn -0.9211 -0.2213 0.3203
vn -0.5924 -0.6202 0.5142
vn -0.6060 -0.3408 0.7187
vn -0.9353 -0.2828 0.2126
vn -0.8466 -0.4702 0.2491
vn -0.8813 -0.3968 0.2566
vn -0.9818 -0.1135 0.1521
vn -0.9827 -0.0578 0.1759
vn -0.8414 -0.3142 0.4397
vn -0.7994 -0.4219 0.4278
vn -0.8436 -0.4371 0.3120
vn 0.2299 -0.2014 0.9521
vn 0.3947 -0.3022 0.8677
vn 0.5149 0.3400 -0.7869
vn -0.1021 0.3563 -0.9288
vn 0.6660 0.3613 -0.6526
vn 0.7442 0.4079 -0.5290
vn 0.6177 0.4289 -0.6592
vn 0.8779 0.2457 -0.4111
vn 0.9506 0.2521 -0.1811
vn 0.9062 0.2538 -0.3381
vn 0.7880 0.5488 -0.2790
vn 0.9082 0.3749 -0.1864
vn 0.8608 0.4399 -0.2559
vn 0.9779 0.1295 -0.1639
vn 0.7969 0.4744 -0.3740
vn 0.6723 0.6049 -0.4266
vn 0.8890 0.3738 -0.2646
vn 0.8163 0.5002 -0.2890
vn -0.2520 0.3617 -0.8976
vn -0.7239 0.3027 -0.6199
vn 0.1746 0.4364 -0.8827
vn -0.7469 -0.6569 0.1031
vn -0.7901 0.6030 0.1106
vn -0.9752 -0.1329 0.1770
vn -0.9029 0.3644 0.2280
vn -0.9102 -0.3103 0.2743
vn -0.3991 0.9036 0.1557
vn -0.5813 0.7930 0.1821
vn 0.4066 -0.9102 -0.0786
vn 0.5831 -0.6171 -0.5284
vn 0.0976 0.3445 -0.9337
vn 0.4454 -0.8192 -0.3613
vn -0.0502 0.6627 -0.7472
vn -0.6526 -0.7309 0.1996
vn 0.8792 -0.4527 -0.1488
vn 0.7675 -0.5912 -0.2476
vn -0.0118 -0.9200 -0.3917
vn 0.2017 -0.6854 -0.6997
vn 0.2821 -0.8553 -0.4346
vn -0.4153 0.7784 0.4709
vn -0.4486 0.6737 0.5872
vn -0.4737 0.7760 0.4163
vn 0.0137 0.9601 0.2792
vn -0.1367 0.8400 0.5251
vn 0.0263 0.4522 0.8915
vn -0.1821 0.7556 0.6292
vn -0.2849 0.7332 0.6174
vn -0.3066 -0.6920 0.6536
vn -0.0632 -0.8543 0.5159
vn 0.0528 0.7852 0.6170
vn -0.6145 -0.6264 0.4796
vn -0.2530 -0.8720 0.4190
vn -0.4025 -0.7778 0.4828
vn -0.3177 -0.7394 0.5935
vn -0.1255 -0.9104 0.3941
vn -0.1887 -0.7592 0.6229
vn -0.1889 -0.7310 0.6557
vn -0.3812 -0.7177 0.5827
vn -0.2399 -0.6233 0.7443
vn -0.2899 -0.7775 0.5580
vn -0.1594 -0.8760 0.4552
vn -0.0413 -0.8407 0.5399
vn -0.0085 -0.9114 0.4115
vn -0.2410 -0.8230 0.5143
vn -0.4404 -0.8054 0.3967
vn 0.4327 0.5010 -0.7495
vn 0.1477 0.8018 -0.5790
vn 0.3262 0.8169 -0.4756
vn 0.5849 0.4318 -0.6866
vn 0.7938 0.0376 -0.6070
vn 0.6040 0.6151 -0.5068
vn -0.0211 0.6423 -0.7661
vn 0.2639 0.2323 -0.9362
vn -0.0114 -0.2480 -0.9687
vn 0.4695 -0.2552 -0.8452
vn -0.0576 0.9121 -0.4059
vn 0.3339 0.7475 -0.5742
vn 0.1440 0.7492 -0.6465
vn 0.3367 0.7038 -0.6256
vn 0.1364 0.7908 -0.5967
vn -0.0570 0.8863 -0.4596
vn 0.1012 0.9028 -0.4181
vn -0.7643 0.1722 0.6215
vn -0.6304 -0.1706 0.7573
vn -0.4744 -0.0349 0.8796
vn 0.4915 -0.7693 -0.4082
vn 0.6163 -0.2525 -0.7459
vn 0.5465 -0.8009 -0.2449
vn -0.5404 0.7762 0.3248
vn -0.5134 0.8194 0.2547
vn -0.6515 0.7192 0.2414
vn -0.6160 -0.6656 0.4214
vn -0.5643 -0.7923 0.2323
vn -0.6985 -0.5782 0.4216
vn -0.5241 -0.6305 0.5725
vn -0.7032 -0.5901 0.3966
vn -0.6746 -0.4920 0.5503
vn -0.3630 -0.5510 0.7514
vn -0.5145 -0.5538 0.6547
vn -0.5165 -0.7212 0.4616
vn -0.6303 -0.6933 0.3494
vn -0.7481 -0.6110 0.2589
vn -0.7058 -0.6165 0.3489
vn 0.9034 0.2728 -0.3307
vn 0.9738 -0.0374 -0.2245
vn 0.8836 -0.0060 -0.4683
vn 0.7112 0.5775 -0.4009
vn 0.4916 0.7741 -0.3988
vn 0.6622 0.6734 -0.3286
vn 0.3767 0.8318 -0.4077
vn 0.5192 0.6894 -0.5051
vn 0.3238 0.8005 -0.5043
vn -0.9067 0.0114 0.4216
vn 0.1804 -0.4053 -0.8962
vn 0.4019 0.8182 -0.4111
vn 0.8634 0.1192 -0.4902
vn 0.7691 0.0087 -0.6391
vn 0.7303 -0.6244 -0.2771
vn 0.7652 -0.6340 -0.1114
vn -0.0842 -0.7732 0.6285
vn 0.5278 -0.6632 0.5306
vn -0.3699 -0.7741 0.5138
vn -0.5678 -0.6490 0.5063
vn -0.7131 0.5787 -0.3957
vn -0.4688 0.7886 0.3979
vn -0.6163 0.6739 -0.4075
vn -0.2209 0.7597 0.6117
vn -0.2288 0.8696 0.4376
vn -0.5044 0.7471 -0.4328
vn -0.8143 0.3980 -0.4224
vn -0.1181 0.8927 0.4349
vn -0.1037 0.8428 -0.5281
vn -0.0607 0.7179 0.6935
vn -0.8971 0.2658 0.3528
vn -0.8555 0.3977 0.3316
vn -0.8761 0.1339 -0.4631
vn -0.6362 0.3302 0.6972
vn -0.9679 0.1523 0.1998
vn -0.7909 0.1816 0.5844
vn -0.6807 0.4945 0.5404
vn -0.8354 -0.3459 -0.4271
vn -0.9999 0.0031 0.0149
vn -0.7782 0.6242 0.0687
vn -0.9757 0.1976 0.0951
vn -0.6688 0.6704 0.3213
vn -0.9901 0.1403 0.0072
vn -0.8848 0.4656 0.0174
vn -0.9743 0.2234 0.0280
vn -0.6900 0.3210 0.6488
vn -0.9621 0.2234 0.1561
vn -0.8208 0.0623 -0.5678
vn -0.7595 0.5975 0.2572
vn -0.5473 0.8356 0.0472
vn -0.7891 -0.4510 -0.4170
vn 0.4383 -0.7925 -0.4241
vn 0.2123 -0.7713 -0.6001
vn 0.1974 -0.6411 -0.7416
vn -0.0492 -0.5614 -0.8260
vn -0.1113 -0.5218 -0.8458
vn 0.2461 -0.8860 -0.3930
vn -0.1925 -0.3778 -0.9057
vn -0.0731 -0.4096 -0.9093
vn 0.0639 -0.8764 -0.4772
vn 0.0632 -0.7421 -0.6673
vn 0.4181 -0.3826 -0.8239
vn 0.7277 -0.3314 -0.6004
vn 0.7843 -0.4637 -0.4121
vn 0.2957 -0.5091 -0.8084
vn 0.6289 -0.6334 -0.4508
vn 0.5733 -0.8186 -0.0346
vn 0.6506 -0.7586 0.0348
vn 0.9471 -0.3203 -0.0183
vn 0.9214 -0.2410 -0.3049
vn 0.6913 -0.3267 -0.6446
vn 0.9523 -0.2489 -0.1768
vn 0.5458 -0.7846 -0.2941
vn 0.5490 -0.5683 -0.6129
vn 0.8827 -0.4345 -0.1794
vn -0.2376 0.8381 -0.4911
vn -0.3411 0.8022 -0.4901
vn -0.8599 0.2570 -0.4411
vn -0.7022 -0.4229 -0.5727
vn -0.7056 -0.1408 -0.6945
vn -0.8684 -0.4484 -0.2118
vn -0.8569 -0.5102 -0.0730
vn -0.7743 -0.6328 0.0077
vn -0.8208 -0.5699 0.0388
vn -0.7935 -0.3374 -0.5065
vn -0.8165 -0.0502 -0.5752
vn -0.2256 -0.3809 -0.8967
vn 0.1082 -0.5865 -0.8027
vn 0.5324 -0.2642 -0.8042
vn 0.4823 -0.2998 -0.8231
vn 0.8384 -0.5167 -0.1734
vn 0.7925 -0.6080 -0.0481
vn 0.9838 -0.1786 -0.0144
vn 0.6002 -0.7916 -0.1145
vn 0.4671 -0.2793 -0.8389
vn 0.2689 0.1970 0.9428
vn -0.1021 0.2560 0.9613
vn 0.3065 0.1633 0.9378
vn -0.5271 0.6430 0.5556
vn -0.1085 0.5883 0.8014
vn -0.4283 0.4954 0.7558
vn 0.1103 0.3547 0.9285
vn -0.0903 0.3182 0.9437
vn 0.2940 0.1030 0.9502
vn 0.3488 -0.2142 0.9124
vn 0.2237 -0.0985 0.9697
vn 0.2032 0.9748 0.0916
vn 0.2557 0.9658 -0.0426
vn 0.1900 0.9761 0.1055
vn 0.2261 0.9400 0.2554
vn 0.3011 0.9498 0.0844
vn 0.2482 0.9672 -0.0541
vn 0.2944 0.9553 0.0289
vn 0.3170 0.9270 0.2006
vn 0.3178 0.7991 0.5103
vn 0.3133 0.8640 0.3942
vn 0.4814 0.3816 0.7891
vn 0.4727 0.6322 0.6140
vn 0.3415 0.4620 0.8185
vn 0.1724 0.9843 -0.0381
vn 0.2712 0.9601 -0.0682
vn 0.2650 0.3645 0.8927
vn 0.3396 0.6049 0.7202
vn 0.4925 0.3236 0.8079
vn -0.3001 0.7799 0.5492
vn 0.0966 0.8845 0.4564
vn 0.1168 0.7186 0.6856
vn 0.2997 -0.5589 0.7732
vn 0.3603 -0.4923 0.7923
vn 0.5590 -0.6106 0.5610
vn 0.1812 -0.4316 0.8837
vn 0.1079 -0.2060 0.9726
vn 0.1488 -0.6425 0.7517
vn -0.0402 -0.6263 0.7786
vn 0.1453 -0.7306 0.6671
vn -0.0421 -0.7181 0.6946
vn -0.2562 0.9385 0.2314
vn 0.1926 0.9387 0.2859
vn -0.2474 0.9685 -0.0288
vn -0.1917 0.9796 0.0608
vn 0.1025 0.9771 0.1865
vn 0.1890 0.8766 0.4424
vn 0.1829 0.9796 -0.0831
vn 0.1183 0.9924 0.0327
vn 0.0163 0.9991 0.0387
vn 0.0961 0.9928 -0.0718
vn 0.1540 0.9872 0.0419
vn -0.1738 0.9013 0.3968
vn 0.2675 0.9332 0.2398
vn -0.1907 0.5908 0.7840
vn 0.1664 0.7526 0.6372
vn 0.3587 0.0896 0.9292
vn 0.4485 0.1778 0.8759
vn 0.3457 0.2328 0.9090
vn 0.3625 0.0946 0.9272
vn -0.1765 0.3202 0.9308
vn 0.2222 0.1008 0.9698
vn 0.1206 0.2696 0.9554
vn 0.2402 0.0480 0.9695
vn 0.1992 0.1155 0.9731
vn 0.0668 0.0702 0.9953
vn 0.1646 0.3153 0.9346
vn 0.1520 0.1931 0.9693
vn 0.2829 0.2000 0.9381
vn 0.4686 0.1209 0.8751
vn 0.2085 0.5247 0.8253
vn 0.1082 0.3416 0.9336
vn 0.2305 0.2661 0.9360
vn 0.2077 0.7221 0.6598
vn -0.1593 0.5052 0.8482
vn 0.0501 -0.2458 -0.9680
vn -0.0225 -0.3996 -0.9164
vn -0.2983 -0.1971 -0.9339
vn -0.2801 -0.2433 -0.9286
vn -0.1757 -0.2993 -0.9379
vn -0.0759 -0.4285 -0.9004
vn -0.2400 -0.2694 -0.9327
vn -0.2802 0.0341 -0.9593
vn -0.1074 -0.1758 -0.9785
vn -0.3130 -0.9475 -0.0653
vn -0.2328 -0.9709 0.0568
vn -0.2861 -0.9558 0.0681
vn -0.3040 -0.9509 -0.0590
vn -0.4491 -0.6352 -0.6283
vn -0.4826 -0.3424 -0.8061
vn -0.3379 -0.4809 -0.8091
vn -0.4083 -0.8201 -0.4010
vn -0.3834 -0.7852 -0.4862
vn -0.2337 -0.9679 -0.0927
vn 0.1196 -0.9543 -0.2737
vn -0.1971 -0.9751 -0.1012
vn -0.0940 -0.8735 -0.4777
vn -0.2333 -0.8617 -0.4506
vn -0.2434 -0.9699 -0.0025
vn -0.0632 -0.9975 0.0300
vn -0.2421 -0.9666 0.0835
vn -0.3677 -0.3483 -0.8623
vn -0.3396 -0.5945 -0.7289
vn -0.0734 -0.0410 -0.9965
vn -0.2133 0.1680 -0.9625
vn 0.2906 0.1456 -0.9457
vn -0.3383 0.0472 -0.9399
vn 0.5309 0.0210 -0.8471
vn 0.4977 0.2047 -0.8429
vn -0.2058 -0.7314 -0.6501
vn -0.1348 -0.1716 -0.9759
vn -0.2313 -0.5250 -0.8191
vn -0.2059 0.1049 -0.9729
vn 0.5765 -0.7444 -0.3369
vn 0.2246 -0.9657 -0.1305
vn -0.1874 -0.9575 -0.2192
vn -0.1235 -0.9912 -0.0481
vn -0.0462 -0.9971 -0.0602
vn -0.1335 -0.9893 0.0586
vn -0.0537 -0.9960 0.0712
vn -0.1565 -0.9869 -0.0387
vn 0.3052 -0.7743 -0.5544
vn 0.1261 -0.9548 -0.2693
vn -0.2528 -0.7298 -0.6353
vn -0.1336 -0.5040 -0.8533
vn -0.2935 -0.8668 -0.4031
vn -0.0444 -0.7582 -0.6505
vn -0.1182 -0.9082 -0.4016
vn -0.2181 -0.9538 -0.2065
vn -0.3310 -0.2355 -0.9138
vn -0.3280 -0.1608 -0.9309
vn 0.1498 -0.3257 -0.9335
vn 0.1494 -0.6001 -0.7858
vn -0.2105 -0.0911 -0.9733
vn -0.4058 -0.1118 -0.9071
vn -0.2180 -0.0474 -0.9748
vn -0.1366 -0.2630 -0.9551
vn -0.3620 -0.1276 -0.9234
vn -0.3369 -0.1009 -0.9361
vn -0.2125 -0.1940 -0.9577
vn -0.1914 -0.1171 -0.9745
vn -0.4381 0.2178 -0.8722
vn -0.5479 0.3553 -0.7573
vn -0.2884 0.2805 -0.9155
vn -0.4195 0.3269 -0.8468
vn 0.4894 -0.3877 -0.7812
vn -0.8384 0.0183 -0.5447
vn 0.6910 -0.0604 -0.7203
vn 0.7811 0.1008 -0.6162
vn 0.4952 -0.8687 -0.0103
vn -0.7218 -0.6820 -0.1176
vn -0.9732 -0.0280 0.2281
vn -0.9645 -0.0833 0.2505
vn 0.9926 -0.0026 -0.1214
vn 0.8249 -0.2149 -0.5229
vn 0.9924 -0.0848 -0.0889
vn 0.7934 -0.4651 -0.3926
vn 0.4049 -0.1586 0.9005
vn 0.2394 -0.0127 0.9708
vn -0.0384 -0.1980 0.9795
vn 0.1194 0.1976 0.9730
vn -0.2236 -0.0615 0.9727
vn 0.5071 -0.1950 0.8396
vn 0.4692 -0.2975 0.8315
vn 0.3369 0.0305 0.9410
vn -0.5612 0.3856 -0.7323
vn 0.7566 -0.3160 -0.5724
vn 0.1539 -0.3334 -0.9301
vn 0.7645 -0.1100 -0.6352
vn 0.1484 -0.6896 -0.7088
vn -0.1196 -0.5299 -0.8396
vn 0.7878 -0.4873 -0.3768
vn -0.3059 0.2998 -0.9036
vn -0.3059 0.5465 -0.7796
vn -0.1478 0.4822 -0.8635
vn -0.3678 0.6447 -0.6701
vn -0.1627 0.6534 -0.7393
vn -0.3875 0.7153 -0.5816
vn 0.1200 0.7384 0.6636
vn -0.0267 0.7355 -0.6770
vn -0.1920 0.7396 -0.6451
vn -0.6284 -0.7163 0.3033
vn -0.7046 -0.7091 0.0278
vn -0.6540 -0.3101 0.6900
vn -0.6072 -0.1930 0.7707
vn 0.8855 0.2019 -0.4185
vn 0.9546 0.0787 -0.2872
vn 0.7472 0.2263 -0.6249
vn -0.7540 0.1298 -0.6439
vn 0.6265 -0.7622 -0.1631
vn -0.6867 0.1795 -0.7044
vn 0.7238 -0.3517 0.5936
vn 0.8464 -0.3711 0.3819
vn 0.6422 -0.3357 0.6892
vn 0.4986 -0.7323 0.4638
vn 0.9505 -0.1895 0.2461
vn 0.9826 -0.0937 0.1606
vn 0.9126 -0.3600 0.1937
vn 0.9551 -0.2275 0.1896
vn 0.7886 -0.5494 0.2762
vn 0.8469 -0.4673 0.2537
vn 0.9068 -0.3348 0.2561
vn 0.1913 -0.5434 0.8174
vn 0.7404 -0.4241 0.5214
vn 0.7710 -0.5062 0.3864
vn 0.5633 -0.4569 0.6885
vn 0.0659 -0.3547 0.9326
vn -0.7239 0.0315 0.6892
vn 0.8412 -0.4617 0.2814
vn -0.8075 0.3634 -0.4646
vn -0.5697 0.3688 -0.7345
vn -0.0945 0.3480 -0.9327
vn -0.9555 0.2373 -0.1752
vn -0.8766 0.2498 -0.4112
vn -0.8816 0.3106 -0.3554
vn -0.9741 0.1372 -0.1797
vn -0.7738 0.4711 -0.4234
vn -0.8346 0.4452 -0.3243
vn -0.4780 0.5581 -0.6783
vn -0.6377 0.5553 -0.5339
vn -0.6623 0.4439 -0.6036
vn 0.3562 0.3546 -0.8645
vn -0.1354 0.4452 -0.8851
vn -0.8712 0.4339 -0.2298
vn -0.7671 0.5722 -0.2902
vn -0.8875 0.4093 -0.2116
vn 0.9852 -0.0756 0.1537
vn 0.8660 0.4717 0.1660
vn 0.9708 -0.1048 0.2156
vn 0.8792 0.4403 0.1823
vn 0.6994 0.6822 0.2131
vn 0.7832 -0.6105 0.1182
vn 0.6373 -0.7252 0.2606
vn 0.6480 0.7315 0.2120
vn 0.7694 0.5744 0.2794
vn 0.6959 0.6663 0.2679
vn -0.6945 -0.5885 -0.4139
vn 0.5319 -0.4690 -0.7050
vn -0.2698 -0.7349 0.6222
vn 0.2190 -0.4579 -0.8616
vn -0.5360 -0.7581 -0.3714
vn -0.7132 0.2159 -0.6669
vn 0.6429 -0.7413 0.1924
vn -0.6863 -0.7203 -0.1005
vn -0.7915 -0.5843 -0.1792
vn -0.5384 -0.7314 -0.4185
vn 0.4390 -0.6907 0.5747
vn 0.5067 -0.7439 0.4357
vn -0.1293 -0.8988 -0.4189
vn -0.5220 -0.5702 -0.6344
vn 0.2078 0.5620 0.8006
vn 0.2906 0.8252 0.4843
vn 0.3709 0.7709 0.5178
vn 0.3538 0.5097 0.7842
vn 0.1120 -0.8714 0.4776
vn 0.2935 -0.7590 0.5812
vn -0.0503 -0.7700 0.6360
vn 0.1341 -0.7949 0.5917
vn 0.3410 -0.7506 0.5660
vn 0.3530 -0.6823 0.6402
vn 0.1541 -0.8738 0.4612
vn 0.2784 -0.8649 0.4176
vn 0.1451 -0.9121 0.3834
vn -0.2135 0.6228 -0.7527
vn -0.4402 0.4580 -0.7723
vn -0.3137 0.8207 -0.4775
vn -0.7841 0.1656 -0.5982
vn -0.5937 0.4264 -0.6824
vn -0.2286 0.7767 -0.5870
vn -0.2413 0.8778 -0.4139
vn 0.4995 0.7743 0.3884
vn 0.6344 0.1863 0.7502
vn 0.7729 -0.0498 0.6326
vn 0.4921 -0.0421 0.8695
vn 0.0619 -0.8163 0.5743
vn 0.2515 -0.4085 0.8774
vn -0.0030 -0.4079 0.9130
vn 0.3315 -0.7261 0.6024
vn -0.4541 -0.3820 -0.8049
vn -0.2387 -0.2507 -0.9382
vn -0.5615 -0.7882 -0.2518
vn 0.5336 0.7061 0.4655
vn 0.4983 0.8243 0.2687
vn 0.6877 0.5664 0.4542
vn 0.3718 -0.8340 0.4076
vn 0.6408 -0.6577 0.3959
vn 0.5939 -0.6437 0.4827
vn 0.5801 -0.7168 0.3869
vn 0.7939 -0.5096 0.3317
vn 0.4980 -0.6916 0.5231
vn 0.3258 -0.8105 0.4867
vn 0.4891 -0.7811 0.3881
vn 0.6510 -0.6480 0.3953
vn -0.9405 0.1998 -0.2749
vn -0.8876 -0.3438 -0.3066
vn -0.7889 0.5102 -0.3424
vn -0.5793 0.7470 -0.3262
vn -0.7008 0.5973 -0.3901
vn -0.8130 0.5261 -0.2495
vn -0.5552 0.6879 -0.4674
vn -0.4297 0.7856 -0.4452
vn -0.5521 0.6293 -0.5470
vn -0.6908 0.5870 -0.4222
vn -0.6186 0.6865 -0.3822
vn -0.3833 0.8312 -0.4027
vn 0.9454 0.0207 0.3254
vn 0.8723 0.0318 0.4879
vn -0.8847 0.0062 -0.4661
vn -0.7825 -0.5686 -0.2538
vn 0.7301 -0.1382 -0.6692
vn -0.3570 -0.0228 -0.9338
vn 0.2532 0.8775 -0.4073
vn 0.7159 0.5146 0.4719
vn -0.5308 -0.1183 -0.8392
vn -0.6012 -0.7981 -0.0406
vn 0.4893 -0.3806 -0.7847
vn 0.5059 -0.2241 -0.8330
vn 0.7533 -0.4847 -0.4446
vn -0.2737 -0.5818 -0.7659
vn -0.7391 -0.1412 -0.6586
vn -0.4380 -0.4017 0.8042
vn -0.4660 -0.2419 0.8511
vn -0.5313 -0.4315 0.7291
vn -0.6627 -0.3611 0.6561
vn -0.2241 0.9723 0.0669
vn -0.2549 0.9348 0.2472
vn -0.3628 0.9049 0.2225
vn -0.1093 0.9474 0.3008
vn 0.1128 0.7524 0.6490
vn 0.0513 0.8139 0.5787
vn 0.1129 -0.9811 -0.1569
vn 0.1209 -0.9914 0.0506
vn -0.0163 -0.9984 0.0547
vn 0.2855 -0.1068 0.9524
vn 0.0973 -0.3399 -0.9354
vn -0.1045 -0.4040 0.9088
vn 0.2214 0.0615 -0.9732
vn -0.2913 0.7736 0.5628
vn 0.2520 0.8764 -0.4103
vn -0.0408 0.7969 -0.6027
vn 0.1440 0.8425 -0.5190
vn -0.0515 0.8546 -0.5167
vn -0.2901 -0.0314 0.9565
vn -0.8407 -0.4498 0.3015
vn -0.7624 0.5318 0.3687
vn -0.5593 0.4086 0.7213
vn -0.7464 0.4779 0.4630
vn -0.7940 0.6080 -0.0057
vn 0.5057 -0.5570 -0.6588
vn 0.8129 -0.5779 -0.0714
vn 0.6891 -0.5241 -0.5005
vn 0.5477 -0.6888 -0.4750
vn 0.3428 0.6951 0.6319
vn -0.2988 0.1827 0.9367
vn -0.3674 -0.9068 -0.2068
vn -0.3387 -0.9018 -0.2685
vn -0.1091 -0.7476 -0.6551
vn 0.0695 -0.3803 0.9222
vn 0.4621 -0.6969 0.5485
vn 0.1532 -0.8491 0.5054
vn -0.5683 0.6672 -0.4815
vn -0.2295 0.8260 -0.5148
vt 0.027092 1.000000
vt 0.674652 1.000000
vt 0.813539 1.000000
vt 0.015238 1.000000
vt 0.650416 1.000000
vt 0.028983 1.000000
vt 0.022213 1.000000
vt 0.818593 1.000000
vt 0.009244 1.000000
vt 0.513485 1.000000
vt 0.714836 1.000000
vt 0.634923 1.000000
vt 0.892545 1.000000
vt 0.009395 1.000000
vt 0.674238 1.000000
vt 0.488828 1.000000
vt 0.000417 1.000000
vt 0.978459 1.000000
vt 0.946031 1.000000
vt 0.003533 1.000000
vt 0.696808 1.000000
vt 1.000000 1.000000
vt 0.468916 1.000000
vt 0.953511 1.000000
vt 0.492975 1.000000
vt 0.617205 1.000000
vt 0.006645 1.000000
vt 0.575708 1.000000
vt 0.015600 1.000000
vt 0.860386 1.000000
vt 0.023965 1.000000
vt 0.100498 1.000000
vt 0.949026 1.000000
vt 0.668980 1.000000
vt 0.643590 1.000000
vt 0.017900 1.000000
vt 0.019044 1.000000
vt 0.965084 1.000000
vt 0.551897 1.000000
vt 0.776528 1.000000
vt 0.072400 1.000000
vt 0.011285 1.000000
vt 0.700906 1.000000
vt 0.962651 1.000000
vt 0.714352 1.000000
vt 0.004548 1.000000
vt 0.001689 1.000000
vt 0.001959 1.000000
vt 0.056095 1.000000
vt 0.779794 1.000000
vt 0.017045 1.000000
vt 0.799245 1.000000
vt 0.013692 1.000000
vt 0.671749 0.993449
vt 0.000657 1.000000
vt 0.000508 0.952374
vt 0.711266 1.000000
vt 0.003205 1.000000
vt 0.646505 1.000000
vt 0.003346 1.000000
vt 0.004968 1.000000
vt 0.001966 1.000000
vt 0.003866 1.000000
vt 0.000917 1.000000
vt 0.007182 1.000000
vt 0.006772 1.000000
vt 1.000000 1.000000
vt 0.967381 1.000000
vt 0.909565 1.000000
vt 0.951342 1.000000
vt 0.890809 1.000000
vt 1.000000 0.955792
vt 1.000000 0.968108
vt 1.000000 0.971530
vt 0.028217 1.000000
vt 0.003249 1.000000
vt 0.006091 1.000000
vt 0.515795 1.000000
vt 0.688245 1.000000
vt 0.773261 1.000000
vt 0.546543 1.000000
vt 0.963378 1.000000
vt 0.474376 0.571793
vt 0.063139 1.000000
vt 0.002336 0.999421
vt 0.002405 1.000000
vt 0.001725 1.000000
vt 1.000000 0.892744
vt 1.000000 0.971603
vt 1.000000 1.000084
vt 0.922245 0.282565
vt 0.658991 0.034382
vt 0.942112 0.751040
vt 0.869317 0.805128
vt 0.937052 0.351014
vt 0.008887 0.403822
vt 0.000000 0.716659
vt 0.046973 0.619929
vt 0.000000 0.389602
vt 0.705686 0.034399
vt 0.030012 0.033815
vt 1.000000 0.751792
vt 1.000000 0.163546
vt 1.000000 0.034693
vt 1.000000 0.414181
vt 1.000000 0.183419
vt 1.000000 0.259660
vt 1.000000 0.048629
vt 1.000000 0.035536
vt 1.000000 0.034642
vt 1.000000 0.485290
vt 1.000000 0.704447
vt 1.000000 0.480233
vt 1.000000 0.846402
vt 1.000000 0.450174
vt 1.000000 0.740878
vt 1.000000 0.704473
vt 1.000000 0.314188
vt 1.000000 0.729524
vt 1.000000 0.944878
vt 1.000000 0.040629
vt 1.000000 0.145589
vt 1.000000 0.214789
vt 1.000000 0.332174
vt 1.000000 0.084888
vt 1.000000 0.043704
vt 1.000000 0.034642
vt 1.000000 0.616682
vt 1.000000 0.597748
vt 1.000000 0.380224
vt 1.000000 0.378709
vt 1.000000 0.392294
vt 0.143448 0.041241
vt 1.000000 0.290702
vt 1.000000 0.064393
vt 0.034984 0.033819
vt 1.000000 0.034642
vt 1.000000 0.043890
vt 1.000000 0.264519
vt 1.000000 0.046146
vt 1.000000 0.041016
vt 1.000000 0.198895
vt 1.000000 0.040647
vt 1.000000 0.959261
vt 1.000000 0.813827
vt 1.000000 0.681997
vt 1.000000 0.331453
vt 1.000000 0.545164
vt 1.000000 0.233002
vt 1.000000 0.519746
vt 1.000000 0.359104
vt 1.000000 0.039820
vt 1.000000 0.043427
vt 1.000000 0.038331
vt 1.000000 0.035583
vt 1.000000 0.175705
vt 1.000000 0.709684
vt 1.000000 0.943590
vt 1.000000 0.944459
vt 1.000000 0.712362
vt 1.000000 0.323751
vt 1.000000 0.253987
vt 1.000000 0.043925
vt 1.000000 0.818808
vt 1.000000 0.584870
vt 1.000000 0.870180
vt 1.000000 0.588627
vt 1.000000 0.322051
vt 1.000000 0.186955
vt 1.000000 0.400337
vt 1.000000 0.048155
vt 1.000000 0.352216
vt 1.000000 0.358770
vt 1.000000 0.264866
vt 1.000000 0.660626
vt 1.000000 0.509776
vt 0.021536 1.000000
vt 0.009546 1.000000
vt 0.031663 1.000000
vt 0.012249 1.000000
vt 0.002082 1.000000
vt 0.003278 1.000000
vt 1.000000 0.034909
vt 1.000000 0.034795
vt 0.009894 1.000000
vt 0.549800 1.000000
vt 0.009979 1.000000
vt 0.929300 1.000000
vt 0.573854 1.000000
vt 0.013461 1.000000
vt 0.004540 1.000000
vt 0.605507 1.000000
vt 0.009074 1.000000
vt 0.500220 1.000000
vt 0.531300 1.000000
vt 0.027440 1.000000
vt 0.890920 1.000000
vt 0.691086 1.000000
vt 0.893006 1.000000
vt 0.004002 1.000000
vt 0.464535 1.000000
vt 0.942080 1.000000
vt 0.636076 1.000000
vt 0.629599 1.000000
vt 0.780510 1.000000
vt 0.469454 1.000000
vt 0.939513 1.000000
vt 0.502238 1.000000
vt 0.012836 1.000000
vt 0.907778 1.000000
vt 0.003679 1.000000
vt 0.564242 1.000000
vt 0.927871 1.000000
vt 0.972440 1.000000
vt 0.018027 1.000000
vt 0.015485 1.000000
vt 0.532680 1.000000
vt 0.014234 1.000000
vt 0.015271 1.000000
vt 0.717318 1.000000
vt 0.973531 1.000000
vt 0.977290 1.000000
vt 0.648909 1.000000
vt 0.632239 1.000000
vt 0.014488 1.000000
vt 0.623292 1.000000
vt 0.965290 1.000000
vt 0.674294 1.000000
vt 0.468653 1.000000
vt 0.963923 1.000000
vt 0.574697 1.000000
vt 0.007002 1.000000
vt 0.002824 1.000000
vt 0.783576 1.000000
vt 0.009052 1.000000
vt 0.007941 1.000000
vt 0.023425 1.000000
vt 0.001534 1.000000
vt 0.000822 1.000000
vt 0.000556 1.000000
vt 0.000681 1.000000
vt 0.000858 1.000000
vt 0.001056 1.000000
vt 0.006498 1.000000
vt 0.001905 1.000000
vt 0.002186 1.000000
vt 0.018498 1.000000
vt 0.024314 1.000000
vt 0.019431 1.000000
vt 0.001856 1.000000
vt 0.004090 1.000000
vt 0.516649 1.000000
vt 0.002038 1.000000
vt 0.003342 1.000000
vt 0.795791 1.000000
vt 0.958170 1.000000
vt 1.000000 0.883648
vt 1.000000 0.971114
vt 1.000000 0.861452
vt 1.000000 0.800090
vt 1.000000 0.902926
vt 0.009393 1.000000
vt 0.002937 0.999181
vt 0.000667 1.000000
vt 0.000456 0.957649
vt 0.000000 1.000000
vt 0.002957 1.000000
vt 0.681964 1.000000
vt 0.714927 0.564793
vt 0.588406 1.001783
vt 0.005126 1.000000
vt 0.503462 1.000000
vt 0.001985 1.000000
vt 1.000000 0.919776
vt 1.000000 0.999536
vt 1.000000 0.805348
vt 0.947258 1.000000
vt 0.890231 1.000000
vt 0.902441 1.000000
vt 1.000000 0.798929
vt 1.000000 0.974212
vt 1.000000 0.959071
vt 0.915426 0.034626
vt 0.548042 0.034396
vt 1.000000 0.285250
vt 1.000000 0.750145
vt 0.710668 0.352099
vt 0.749354 0.849784
vt 0.005015 0.402964
vt 0.004879 0.748786
vt 0.492971 0.034378
vt 0.000000 0.717892
vt 1.000000 0.316825
vt 1.000000 0.622462
vt 1.000000 0.956288
vt 1.000000 0.034717
vt 1.000000 0.084613
vt 1.000000 0.035460
vt 1.000000 0.092670
vt 1.000000 0.131920
vt 1.000000 0.332467
vt 1.000000 0.048527
vt 1.000000 0.324439
vt 1.000000 0.035071
vt 1.000000 0.834645
vt 1.000000 0.670103
vt 1.000000 0.991215
vt 1.000000 0.627008
vt 1.000000 0.435503
vt 1.000000 0.563087
vt 1.000000 0.378366
vt 1.000000 0.687903
vt 1.000000 0.147719
vt 1.000000 0.077419
vt 1.000000 0.279692
vt 1.000000 0.695602
vt 1.000000 0.498105
vt 1.000000 0.838138
vt 1.000000 0.931516
vt 1.000000 0.431229
vt 1.000000 0.285536
vt 1.000000 0.242927
vt 1.000000 0.363084
vt 1.000000 0.083662
vt 1.000000 0.034642
vt 0.049809 0.033750
vt 0.021893 0.033815
vt 0.895960 0.034556
vt 0.030880 0.415954
vt 1.000000 0.034642
vt 1.000000 0.822919
vt 1.000000 0.713985
vt 1.000000 0.711334
vt 1.000000 0.946813
vt 1.000000 0.327486
vt 1.000000 0.261093
vt 1.000000 0.194468
vt 1.000000 0.036301
vt 1.000000 0.044879
vt 1.000000 0.722542
vt 1.000000 0.265856
vt 1.000000 0.034642
vt 1.000000 0.043893
vt 1.000000 0.039998
vt 1.000000 0.260944
vt 1.000000 0.050953
vt 1.000000 0.041693
vt 1.000000 0.354691
vt 1.000000 0.044254
vt 1.000000 0.662669
vt 1.000000 0.509226
vt 1.000000 0.348620
vt 1.000000 0.517633
vt 1.000000 0.045158
vt 1.000000 0.216332
vt 1.000000 0.044275
vt 1.000000 0.096156
vt 1.000000 0.587510
vt 1.000000 0.463337
vt 1.000000 0.820038
vt 1.000000 0.584684
vt 1.000000 0.403816
vt 1.000000 0.264875
vt 0.003844 1.000000
vt 0.001300 1.000000
vt 0.000000 0.033636
vt 0.009148 1.000000
vt 0.933111 1.000000
vt 0.001670 1.000000
vt 0.000827 1.000000
vt 0.004255 1.000000
vt 0.015738 1.000000
vt 0.001299 1.000000
vt 1.000000 0.943232
vt 1.000000 0.375378
vt 0.000000 0.033715
vt 1.000000 0.263882
vt 1.000000 0.711051
vt 1.000000 0.514231
vt 1.000000 0.507917
vt 1.000000 0.044863
vt 0.543498 1.000000
vt 0.905556 1.000000
vt 0.931381 1.000000
vt 0.934231 1.000000
vt 0.957259 1.000000
vt 0.944949 1.000000
vt 0.980554 1.000000
vt 0.006666 1.000000
vt 1.000000 0.310290
vt 1.000000 0.041550
vt 1.000000 0.513462
vt 1.000000 0.043321
vt 1.000000 0.520351
s 1
usemtl Material.001
f 51/1/1 1/2/2 2/3/3
f 1/2/2 51/1/1 52/4/4
f 52/4/4 3/5/5 1/2/2
f 2/3/3 446/6/6 51/1/1
f 53/7/7 2/3/3 5/8/8
f 2/3/3 53/7/7 446/6/6
f 54/9/9 7/10/10 6/11/11
f 9/12/12 5/8/8 8/13/13
f 5/8/8 9/12/12 58/14/14
f 5/8/8 58/14/14 53/7/7
f 17/15/15 16/16/16 64/17/17
f 18/18/18 15/19/19 17/15/15
f 66/20/20 19/21/21 17/15/15
f 20/22/22 18/18/18 19/21/21
f 11/23/23 21/24/24 25/25/25
f 66/20/20 23/26/26 19/21/21
f 266/27/27 31/28/28 75/29/29
f 31/28/28 188/30/30 687/31/31
f 28/32/32 26/33/33 31/28/28
f 188/30/30 31/28/28 26/33/33
f 33/34/34 36/35/35 267/36/36
f 35/22/37 36/35/35 34/22/38
f 267/36/36 36/35/35 268/37/39
f 184/38/40 36/35/35 35/22/37
f 36/35/35 184/38/40 30/39/41
f 33/34/34 47/40/42 34/22/38
f 47/40/42 76/41/43 48/42/44
f 48/42/44 49/43/45 47/40/42
f 50/44/46 46/45/47 45/22/48
f 46/45/47 50/44/46 49/43/45
f 16/16/16 63/46/49 65/47/50
f 62/48/51 63/46/49 59/49/52
f 59/49/52 63/46/49 16/16/16
f 27/50/53 73/51/54 29/52/55
f 269/53/56 268/37/39 36/35/35
f 307/54/57 80/55/58 79/56/59
f 42/57/60 82/58/61 44/59/62
f 82/58/61 42/57/60 81/60/63
f 83/61/64 84/62/65 85/63/66
f 46/45/47 83/61/64 42/57/60
f 76/41/43 87/64/67 86/65/68
f 48/42/44 88/66/69 46/45/47
f 76/41/43 86/65/68 48/42/44
f 164/22/70 90/22/71 89/67/72
f 91/22/73 90/22/71 164/22/70
f 8/13/13 94/22/74 10/68/75
f 96/22/76 93/22/77 174/22/78
f 96/22/76 4/22/79 95/69/80
f 547/22/81 548/22/82 97/22/83
f 97/22/83 96/22/76 547/22/81
f 176/22/84 101/22/85 99/22/86
f 117/22/87 115/22/88 125/22/89
f 117/22/87 116/22/90 118/22/91
f 130/22/92 109/22/93 108/22/94
f 110/22/95 107/22/96 121/22/97
f 117/22/87 122/22/98 116/22/90
f 122/22/98 117/22/87 123/22/99
f 14/70/100 128/22/101 12/71/102
f 132/22/103 134/22/104 101/22/85
f 136/22/105 137/22/106 134/22/104
f 18/18/18 141/22/107 142/22/108
f 141/22/107 120/22/109 142/22/108
f 15/19/19 142/22/108 130/22/92
f 142/22/108 15/19/19 18/18/18
f 144/22/110 107/22/96 143/22/111
f 108/22/94 109/22/93 147/22/112
f 145/22/113 143/22/111 591/22/114
f 147/22/112 146/22/115 108/22/94
f 147/22/112 144/22/110 145/22/113
f 148/22/116 141/22/107 20/22/22
f 110/22/95 148/22/116 112/22/117
f 148/22/116 121/22/97 141/22/107
f 121/22/97 148/22/116 110/22/95
f 113/22/118 149/22/119 111/22/120
f 591/22/114 143/22/111 150/22/121
f 20/22/22 24/22/122 148/22/116
f 155/22/123 117/22/87 157/22/124
f 117/22/87 155/22/123 115/22/88
f 157/22/124 118/22/91 156/22/125
f 154/22/126 151/22/127 113/22/118
f 151/22/127 154/22/126 159/22/128
f 158/22/129 157/22/124 161/22/130
f 157/22/124 158/22/129 155/22/123
f 161/22/130 156/22/125 160/22/131
f 159/22/128 158/22/129 600/22/132
f 116/22/90 163/22/133 118/22/91
f 163/22/133 116/22/90 162/22/134
f 91/22/73 122/22/98 126/22/135
f 10/68/75 165/22/136 21/24/24
f 165/22/136 10/68/75 90/22/71
f 90/22/71 91/22/73 165/22/136
f 165/22/136 126/22/135 153/22/137
f 169/22/138 168/22/139 166/22/140
f 170/22/141 169/22/138 167/22/142
f 170/22/141 168/22/139 169/22/138
f 89/67/72 171/22/143 164/22/70
f 163/22/133 172/22/144 166/22/140
f 173/22/145 175/22/146 167/22/142
f 98/22/147 615/22/148 173/22/145
f 97/22/83 98/22/147 173/22/145
f 93/22/77 173/22/145 172/22/144
f 92/22/149 174/22/78 89/67/72
f 283/22/150 127/22/151 176/22/84
f 108/22/94 177/22/152 130/22/92
f 180/22/153 179/22/154 178/22/155
f 179/22/154 180/22/153 181/22/156
f 179/22/154 35/22/37 34/22/38
f 29/52/55 182/22/157 27/50/53
f 184/38/40 181/22/156 182/22/157
f 179/22/154 184/38/40 35/22/37
f 182/22/157 183/22/158 187/22/159
f 187/22/159 26/33/33 182/22/157
f 194/22/160 193/22/161 192/22/162
f 193/22/161 195/22/163 191/22/164
f 199/22/165 196/22/166 198/22/167
f 202/22/168 201/22/169 200/22/170
f 249/22/171 203/22/172 237/22/173
f 207/22/174 206/22/175 189/22/176
f 209/22/177 197/22/178 201/22/169
f 197/22/178 209/22/177 208/22/179
f 211/22/180 210/22/181 204/22/182
f 204/22/182 213/22/183 211/22/180
f 217/72/184 216/22/185 37/73/186
f 216/22/185 215/22/187 38/22/188
f 195/22/163 218/22/189 190/22/190
f 195/22/163 193/22/161 220/22/191
f 219/22/192 220/22/191 194/22/160
f 218/22/189 195/22/163 656/22/193
f 195/22/163 220/22/191 656/22/193
f 222/22/194 220/22/191 219/22/192
f 223/22/195 207/22/174 199/22/165
f 207/22/174 43/22/196 206/22/175
f 654/22/197 227/22/198 221/22/199
f 229/22/200 209/22/177 202/22/168
f 209/22/177 229/22/200 224/22/201
f 224/22/201 208/22/179 209/22/177
f 200/22/170 201/22/169 230/22/202
f 230/22/202 232/22/203 231/22/204
f 235/22/205 234/22/206 50/44/46
f 45/22/48 236/22/207 50/44/46
f 229/22/200 236/22/207 45/22/48
f 50/44/46 236/22/207 235/22/205
f 235/22/205 236/22/207 211/22/180
f 239/22/208 238/22/209 204/22/182
f 204/22/182 205/22/210 239/22/208
f 237/22/173 242/22/211 241/22/212
f 244/22/213 242/22/211 239/22/208
f 239/22/208 240/22/214 244/22/213
f 231/22/204 245/22/215 230/22/202
f 246/22/216 247/22/217 254/22/218
f 248/22/219 251/22/220 247/22/217
f 178/22/155 251/22/220 180/22/153
f 252/22/221 47/40/42 234/22/206
f 47/40/42 252/22/221 178/22/155
f 178/22/155 212/22/222 251/22/220
f 254/22/218 250/22/223 255/22/224
f 257/22/225 261/22/226 248/22/219
f 248/22/219 246/22/216 257/22/225
f 180/22/153 251/22/220 261/22/226
f 257/22/225 253/22/227 258/22/228
f 256/22/229 260/22/230 253/22/227
f 259/22/231 258/22/228 260/22/230
f 259/22/231 186/22/232 258/22/228
f 183/22/158 258/22/228 185/22/233
f 181/22/156 261/22/226 262/22/234
f 261/22/226 181/22/156 180/22/153
f 181/22/156 262/22/234 183/22/158
f 215/22/187 263/22/235 192/22/162
f 216/22/185 264/74/236 263/22/235
f 267/36/36 268/37/39 57/75/237
f 62/48/51 82/58/61 63/46/49
f 72/76/238 86/65/68 68/77/239
f 13/78/240 12/71/102 272/79/241
f 40/80/242 78/81/243 307/54/57
f 273/22/244 274/82/245 40/80/242
f 356/83/246 275/84/247 13/78/240
f 275/84/247 356/83/246 270/85/248
f 44/59/62 276/86/249 277/87/250
f 82/58/61 276/86/249 44/59/62
f 128/22/101 177/22/152 279/22/251
f 12/71/102 129/22/252 271/22/253
f 283/22/150 281/22/254 129/22/252
f 278/22/255 132/22/103 176/22/84
f 281/22/254 287/22/256 280/22/257
f 290/22/258 291/88/259 289/89/260
f 334/90/261 290/22/258 288/22/262
f 192/22/162 288/22/262 194/22/160
f 194/22/160 296/22/263 219/22/192
f 293/22/264 190/22/190 294/22/265
f 190/22/190 293/22/264 191/22/164
f 285/22/266 136/22/105 132/22/103
f 146/22/115 284/22/267 108/22/94
f 279/22/251 284/22/267 298/22/268
f 298/22/268 707/22/269 285/22/266
f 299/22/270 296/22/263 295/22/271
f 219/22/192 300/22/272 222/22/194
f 303/22/273 300/22/272 299/22/270
f 356/83/246 304/91/274 358/92/275
f 305/93/276 272/79/241 271/22/253
f 272/79/241 305/93/276 356/83/246
f 39/94/277 307/54/57 308/95/278
f 308/95/278 307/54/57 313/96/279
f 312/97/280 310/98/281 448/99/282
f 270/85/248 356/83/246 310/98/281
f 313/96/279 359/100/283 308/95/278
f 359/100/283 313/96/279 311/101/284
f 313/96/279 79/56/59 312/97/280
f 286/22/285 316/102/286 280/22/257
f 318/103/287 317/104/288 314/105/289
f 320/106/290 321/107/291 323/108/292
f 350/109/293 323/108/292 324/110/294
f 323/108/292 350/109/293 320/106/290
f 328/111/295 315/112/296 330/113/297
f 327/114/298 316/102/286 326/115/299
f 328/111/295 330/113/297 320/106/290
f 320/106/290 318/103/287 328/111/295
f 328/111/295 318/103/287 314/105/289
f 305/93/276 326/115/299 304/91/274
f 332/116/300 264/74/236 347/117/301
f 338/118/302 333/119/303 332/116/300
f 335/120/304 334/90/261 333/119/303
f 339/121/305 337/122/306 336/123/307
f 340/124/308 341/125/309 439/126/310
f 342/127/311 341/125/309 337/122/306
f 291/88/259 345/128/312 344/129/313
f 347/117/301 37/73/186 39/94/277
f 337/122/306 349/130/314 336/123/307
f 349/130/314 337/122/306 341/125/309
f 341/125/309 346/131/315 349/130/314
f 344/129/313 346/131/315 340/124/308
f 345/128/312 349/130/314 346/131/315
f 348/132/316 308/95/278 306/133/317
f 348/132/316 343/134/318 347/117/301
f 311/101/284 313/96/279 448/99/282
f 313/96/279 312/97/280 448/99/282
f 351/127/319 350/109/293 355/110/320
f 350/109/293 351/127/319 319/135/321
f 355/110/320 324/110/294 443/110/322
f 354/127/323 353/127/324 352/110/325
f 354/127/323 366/127/326 351/127/319
f 355/110/320 353/127/324 351/127/319
f 356/83/246 358/92/275 309/136/327
f 359/100/283 309/136/327 358/92/275
f 339/121/305 361/110/328 363/137/329
f 361/110/328 339/121/305 343/134/318
f 360/110/330 359/100/283 363/137/329
f 360/110/330 363/137/329 361/110/328
f 306/133/317 360/110/330 343/134/318
f 359/100/283 360/110/330 306/133/317
f 317/104/288 318/103/287 362/110/331
f 362/110/331 319/135/321 351/127/319
f 342/127/311 363/137/329 367/127/332
f 367/127/332 366/127/326 445/110/333
f 363/137/329 342/127/311 339/121/305
f 790/110/334 370/137/335 369/110/336
f 373/110/337 382/110/338 381/110/339
f 372/110/340 378/110/341 376/110/342
f 377/110/343 380/110/344 378/110/341
f 382/110/338 380/110/344 383/110/345
f 384/110/346 377/110/343 379/110/347
f 385/138/348 388/139/349 386/140/350
f 387/141/351 389/142/352 391/143/353
f 140/144/354 394/145/355 135/22/356
f 394/145/355 140/144/354 392/146/357
f 397/147/358 396/148/359 390/149/360
f 388/139/349 397/147/358 389/142/352
f 393/150/361 398/151/362 392/146/357
f 388/139/349 393/150/361 397/147/358
f 398/151/362 393/150/361 388/139/349
f 402/110/363 400/152/364 401/153/365
f 401/153/365 405/127/366 402/110/363
f 406/127/367 405/127/366 404/154/368
f 399/155/369 403/110/370 423/127/371
f 422/110/372 403/110/370 402/110/363
f 820/156/373 400/152/364 399/155/369
f 412/157/374 301/158/375 297/159/376
f 301/158/375 412/157/374 410/160/377
f 416/161/378 407/162/379 820/156/373
f 374/110/380 417/127/381 373/110/337
f 387/141/351 417/127/381 386/140/350
f 417/127/381 387/141/351 418/110/382
f 371/110/383 421/127/384 406/127/367
f 369/110/336 370/137/335 422/110/372
f 423/127/371 403/110/370 370/137/335
f 424/127/385 369/110/336 371/110/383
f 381/110/339 425/110/386 373/110/337
f 427/127/387 426/110/388 425/110/386
f 429/110/389 424/127/385 428/127/390
f 443/110/322 426/110/388 355/110/320
f 428/127/390 352/110/325 427/127/387
f 352/110/325 428/127/390 354/127/323
f 427/127/387 429/110/389 428/127/390
f 385/138/348 431/163/391 398/151/362
f 433/164/392 432/165/393 325/166/394
f 133/22/395 433/164/392 103/22/396
f 394/145/355 434/167/397 433/164/392
f 392/146/357 398/151/362 434/167/397
f 435/168/398 322/169/399 329/170/400
f 342/127/311 439/126/310 341/125/309
f 437/110/401 368/137/402 445/110/333
f 404/154/368 438/137/403 406/127/367
f 445/110/333 438/137/403 437/110/401
f 436/171/404 440/172/405 441/173/406
f 408/174/407 436/171/404 404/154/368
f 439/126/310 441/173/406 340/124/308
f 441/173/406 439/126/310 436/171/404
f 436/171/404 439/126/310 437/110/401
f 442/175/408 297/159/376 289/89/260
f 297/159/376 442/175/408 412/157/374
f 344/129/313 289/89/260 291/88/259
f 412/157/374 442/175/408 413/176/409
f 413/176/409 440/172/405 408/174/407
f 443/110/322 444/110/410 426/110/388
f 324/110/294 323/108/292 443/110/322
f 426/110/388 444/110/410 425/110/386
f 406/127/367 438/137/403 371/110/383
f 424/127/385 438/137/403 445/110/333
f 28/32/32 51/1/1 446/6/6
f 265/177/411 52/4/4 28/32/32
f 58/14/14 446/6/6 53/7/7
f 687/31/31 54/9/9 75/29/29
f 266/27/27 55/178/412 265/177/411
f 267/36/36 56/179/413 76/41/43
f 66/20/20 64/17/17 85/63/66
f 76/41/43 69/180/414 87/64/67
f 83/61/64 70/181/415 67/182/416
f 312/97/280 79/56/59 310/98/281
f 366/127/326 424/127/385 445/110/333
f 362/110/331 364/183/417 317/104/288
f 363/137/329 358/92/275 362/110/331
f 357/184/418 364/183/417 358/92/275
f 369/110/336 450/110/419 383/110/345
f 369/110/336 429/110/389 449/110/420
f 507/185/421 451/186/422 854/187/423
f 451/186/422 452/188/424 453/189/425
f 854/187/423 453/189/425 454/190/426
f 508/191/427 451/186/422 507/185/421
f 456/192/428 95/69/80 7/10/10
f 855/193/429 7/10/10 54/9/9
f 95/69/80 456/192/428 457/22/430
f 460/194/431 459/195/432 512/196/433
f 460/194/431 461/197/434 459/195/432
f 466/198/435 464/199/436 465/22/437
f 466/198/435 514/200/438 696/201/439
f 469/202/440 468/203/441 467/22/442
f 468/203/441 469/202/440 471/204/443
f 471/204/443 473/205/444 474/206/445
f 460/194/431 477/207/446 461/197/434
f 477/207/446 460/194/431 475/208/447
f 475/208/447 460/194/431 511/209/448
f 478/210/449 473/205/444 472/22/450
f 474/206/445 475/208/447 479/211/451
f 485/212/452 480/213/453 484/214/454
f 485/212/452 525/215/455 524/216/456
f 481/217/457 524/216/456 487/218/458
f 524/216/456 481/217/457 485/212/452
f 527/219/459 687/31/31 32/220/460
f 32/220/460 487/218/458 527/219/459
f 487/218/458 32/220/460 481/217/457
f 481/217/457 32/220/460 486/221/461
f 481/217/457 486/221/461 480/213/453
f 491/222/462 489/223/463 490/224/464
f 530/225/465 483/226/466 490/224/464
f 501/22/467 496/227/468 502/228/469
f 488/229/470 503/230/471 505/231/472
f 505/231/472 540/232/473 536/233/474
f 506/234/475 540/232/473 505/231/472
f 502/228/469 506/234/475 501/22/467
f 509/235/476 510/236/477 456/192/428
f 513/237/478 512/196/433 459/195/432
f 696/201/439 514/200/438 515/238/479
f 696/201/439 515/238/479 688/239/480
f 516/240/481 471/204/443 517/241/482
f 516/240/481 468/203/441 471/204/443
f 514/200/438 468/203/441 516/240/481
f 520/242/483 518/243/484 471/204/443
f 474/206/445 520/242/483 471/204/443
f 523/244/485 521/245/486 537/246/487
f 475/208/447 521/245/486 523/244/485
f 475/208/447 511/209/448 521/245/486
f 485/212/452 526/247/488 525/215/455
f 535/248/489 529/249/490 488/229/470
f 483/226/466 530/225/465 526/247/488
f 533/250/491 534/251/492 498/252/493
f 693/253/494 502/228/469 498/252/493
f 498/252/493 534/251/492 693/253/494
f 535/248/489 536/233/474 538/254/495
f 538/254/495 536/233/474 537/246/487
f 541/22/496 543/22/497 605/22/498
f 455/255/499 544/22/500 452/188/424
f 462/256/501 544/22/500 455/255/499
f 544/22/500 462/256/501 546/22/502
f 546/22/502 462/256/501 542/22/503
f 547/22/81 457/22/430 544/22/500
f 617/22/504 549/22/505 553/22/506
f 557/22/507 554/22/508 566/22/509
f 566/22/509 555/22/510 557/22/507
f 560/22/511 593/22/512 559/22/513
f 559/22/513 562/22/514 560/22/511
f 573/22/515 562/22/514 563/22/516
f 565/22/517 564/22/518 598/22/519
f 563/22/516 564/22/518 573/22/515
f 567/22/520 566/22/509 554/22/508
f 561/22/521 554/22/508 593/22/512
f 554/22/508 561/22/521 567/22/520
f 571/22/522 572/22/523 570/22/524
f 465/22/437 578/22/525 467/22/442
f 568/22/526 578/22/525 577/22/527
f 580/22/528 552/22/529 744/257/530
f 553/22/506 581/22/531 583/22/532
f 584/22/533 581/22/531 580/22/528
f 138/22/534 585/258/535 139/22/536
f 585/258/535 138/22/534 584/22/533
f 583/22/532 137/22/106 136/22/105
f 138/22/534 137/22/106 584/22/533
f 588/22/537 578/22/525 568/22/526
f 467/22/442 588/22/537 469/202/440
f 588/22/537 569/22/538 566/22/509
f 587/22/539 586/22/540 567/22/520
f 566/22/509 586/22/540 588/22/537
f 146/22/115 590/22/541 556/22/542
f 558/22/543 589/22/544 591/22/114
f 592/22/545 561/22/521 560/22/511
f 593/22/512 558/22/543 595/22/546
f 559/22/513 593/22/512 594/22/547
f 472/22/450 596/22/548 478/210/449
f 596/22/548 472/22/450 592/22/545
f 560/22/511 574/22/549 592/22/545
f 596/22/548 574/22/549 573/22/515
f 597/22/550 572/22/523 571/22/522
f 594/22/547 562/22/514 559/22/513
f 563/22/516 159/22/128 600/22/132
f 151/22/127 159/22/128 594/22/547
f 598/22/519 601/22/551 160/22/131
f 600/22/132 601/22/551 563/22/516
f 604/22/552 602/22/553 603/22/554
f 602/22/553 570/22/524 565/22/517
f 610/22/555 605/22/498 602/22/553
f 606/22/556 571/22/522 605/22/498
f 571/22/522 606/22/556 597/22/550
f 608/22/557 603/22/554 607/22/558
f 609/22/559 604/22/552 608/22/557
f 604/22/552 609/22/559 610/22/555
f 610/22/555 609/22/559 611/22/560
f 611/22/560 612/22/561 615/22/148
f 548/22/82 615/22/148 98/22/147
f 545/22/562 616/22/563 548/22/82
f 616/22/563 545/22/562 613/22/564
f 611/22/560 613/22/564 610/22/555
f 613/22/564 611/22/560 616/22/563
f 541/22/496 614/22/565 613/22/564
f 546/22/502 613/22/564 545/22/562
f 613/22/564 546/22/502 541/22/496
f 618/22/566 575/22/567 700/22/568
f 618/22/566 701/22/569 577/22/527
f 577/22/527 576/22/570 618/22/566
f 491/222/462 619/22/571 489/223/463
f 622/22/572 682/22/573 684/22/574
f 484/214/454 621/22/575 622/22/572
f 621/22/575 484/214/454 623/22/576
f 623/22/576 484/214/454 486/221/461
f 186/22/232 623/22/576 187/22/159
f 628/22/577 627/22/578 649/22/579
f 644/22/580 634/22/581 642/22/582
f 634/22/581 644/22/580 633/22/583
f 635/22/584 636/22/585 668/22/586
f 635/22/584 637/22/587 646/22/588
f 630/22/589 640/22/590 641/22/591
f 639/22/592 640/22/590 624/22/593
f 630/22/589 641/22/591 631/22/594
f 631/22/594 643/22/595 632/22/596
f 632/22/596 642/22/582 634/22/581
f 635/22/584 647/22/597 636/22/585
f 647/22/597 635/22/584 648/22/598
f 650/22/599 652/22/600 653/22/601
f 652/22/600 650/22/599 651/22/602
f 493/22/603 653/22/601 762/259/604
f 653/22/601 493/22/603 650/22/599
f 654/22/197 625/22/605 624/22/593
f 656/22/193 658/22/606 626/22/607
f 656/22/193 220/22/191 658/22/606
f 658/22/606 222/22/194 657/22/608
f 499/22/609 640/22/590 639/22/592
f 643/22/595 659/22/610 496/227/468
f 643/22/595 641/22/591 659/22/610
f 629/22/611 654/22/197 624/22/593
f 629/22/611 630/22/589 660/22/612
f 654/22/197 629/22/611 227/22/198
f 642/22/582 662/22/613 644/22/580
f 643/22/595 662/22/613 642/22/582
f 643/22/595 496/227/468 501/22/467
f 501/22/467 662/22/613 643/22/595
f 634/22/581 661/22/614 632/22/596
f 661/22/614 634/22/581 233/67/615
f 634/22/581 633/22/583 663/22/616
f 663/22/616 233/67/615 634/22/581
f 664/22/617 666/22/618 506/234/475
f 667/22/619 668/22/586 671/22/620
f 669/22/621 635/22/584 667/22/619
f 635/22/584 669/22/621 637/22/587
f 243/22/622 671/22/620 241/22/212
f 245/22/215 231/22/204 663/22/616
f 245/22/215 672/22/623 244/22/213
f 663/22/616 670/22/624 245/22/215
f 672/22/623 667/22/619 243/22/622
f 667/22/619 672/22/623 669/22/621
f 636/22/585 677/22/625 668/22/586
f 619/22/571 620/22/626 674/22/627
f 674/22/627 647/22/597 665/22/628
f 676/22/629 677/22/625 673/22/630
f 675/22/631 676/22/629 673/22/630
f 256/22/229 676/22/629 260/22/230
f 256/22/229 678/22/632 676/22/629
f 260/22/230 676/22/629 675/22/631
f 684/22/574 680/22/633 619/22/571
f 682/22/573 679/22/634 680/22/633
f 683/22/635 681/22/636 679/22/634
f 685/22/637 748/260/638 686/261/639
f 685/22/637 651/22/602 710/22/640
f 651/22/602 685/22/637 652/22/600
f 710/22/640 651/22/602 627/22/578
f 527/219/459 509/235/476 855/193/429
f 855/193/429 687/31/31 527/219/459
f 487/218/458 454/190/426 510/236/477
f 511/209/448 529/249/490 535/248/489
f 529/249/490 511/209/448 512/196/433
f 512/196/433 528/262/641 529/249/490
f 530/225/465 528/262/641 513/237/478
f 526/247/488 530/225/465 508/191/427
f 690/263/642 691/264/643 689/265/644
f 518/243/484 692/266/645 534/251/492
f 520/242/483 692/266/645 518/243/484
f 540/232/473 693/253/494 519/267/646
f 696/201/439 695/268/647 466/198/435
f 724/269/648 696/201/439 690/263/642
f 696/201/439 688/239/480 690/263/642
f 495/270/649 698/271/650 699/272/651
f 698/271/650 532/273/652 699/272/651
f 553/22/506 700/22/568 617/22/504
f 702/22/653 703/22/654 704/274/655
f 703/22/654 706/22/656 705/22/657
f 618/22/566 700/22/568 707/22/269
f 583/22/532 707/22/269 553/22/506
f 707/22/269 298/22/268 618/22/566
f 550/275/658 702/22/653 732/276/659
f 706/22/656 709/22/660 617/22/504
f 703/22/654 702/22/653 709/22/660
f 710/22/640 713/22/661 685/22/637
f 697/277/662 714/22/663 492/278/664
f 714/22/663 716/22/665 715/22/666
f 639/22/592 716/22/665 499/22/609
f 500/279/667 716/22/665 697/277/662
f 711/22/668 717/22/669 710/22/640
f 657/22/608 718/22/670 711/22/668
f 719/22/671 720/22/672 824/280/673
f 720/22/672 719/22/671 717/22/669
f 626/22/607 628/22/577 715/22/666
f 532/273/652 514/200/438 516/240/481
f 136/22/105 707/22/269 583/22/532
f 298/22/268 284/22/267 708/22/674
f 222/22/194 300/22/272 718/22/670
f 303/22/273 302/281/675 720/22/672
f 824/280/673 720/22/672 721/282/676
f 776/283/677 724/269/648 723/284/678
f 722/285/679 724/269/648 776/283/677
f 724/269/648 722/285/679 725/286/680
f 726/287/681 494/288/682 762/259/604
f 495/270/649 726/287/681 727/289/683
f 724/269/648 690/263/642 728/290/684
f 782/291/685 727/289/683 726/287/681
f 727/289/683 689/265/644 495/270/649
f 689/265/644 727/289/683 730/292/686
f 746/293/687 741/294/688 731/295/689
f 550/275/658 732/276/659 731/295/689
f 780/296/690 733/297/691 746/293/687
f 767/298/692 736/299/693 734/300/694
f 747/301/695 736/299/693 735/302/696
f 734/300/694 736/299/693 737/303/697
f 746/293/687 738/304/698 780/296/690
f 740/305/699 741/294/688 743/306/700
f 740/305/699 551/307/701 731/295/689
f 725/286/680 745/308/702 704/274/655
f 704/274/655 732/276/659 702/22/653
f 694/22/703 725/286/680 705/22/657
f 743/306/700 742/309/704 747/301/695
f 746/293/687 737/303/697 741/294/688
f 749/310/705 753/311/706 748/260/638
f 750/312/707 748/260/638 753/311/706
f 748/260/638 750/312/707 686/261/639
f 757/313/708 752/314/709 751/315/710
f 752/314/709 757/313/708 756/137/711
f 749/310/705 759/316/712 764/317/713
f 712/22/714 760/318/715 761/319/716
f 762/259/604 686/261/639 750/312/707
f 762/259/604 763/320/717 726/287/681
f 753/311/706 758/321/718 750/312/707
f 749/310/705 764/317/713 751/315/710
f 749/310/705 751/315/710 753/311/706
f 757/313/708 751/315/710 755/322/719
f 755/322/719 765/323/720 754/324/721
f 726/287/681 763/320/717 782/291/685
f 767/298/692 766/137/722 768/325/723
f 770/110/724 767/298/692 769/110/725
f 735/302/696 767/298/692 770/110/724
f 766/137/722 767/298/692 733/297/691
f 772/110/726 771/110/727 833/110/728
f 768/325/723 775/110/729 769/110/725
f 775/110/729 768/325/723 773/137/730
f 773/137/730 768/325/723 771/110/727
f 773/137/730 774/110/731 775/110/729
f 723/284/678 777/326/732 857/327/733
f 783/110/734 722/285/679 776/283/677
f 782/291/685 778/328/735 723/284/678
f 778/328/735 779/110/736 723/284/678
f 729/329/737 777/326/732 723/284/678
f 778/328/735 758/321/718 779/110/736
f 778/328/735 782/291/685 758/321/718
f 781/110/738 766/137/722 733/297/691
f 784/330/739 756/137/711 785/110/740
f 779/110/736 756/137/711 784/330/739
f 786/110/741 798/110/742 797/110/743
f 789/110/744 786/110/741 787/110/745
f 376/110/342 792/137/746 372/110/340
f 791/110/747 795/110/748 372/110/340
f 372/110/340 796/110/749 379/110/347
f 372/110/340 795/110/748 796/110/749
f 800/110/750 796/110/749 799/110/751
f 395/331/752 811/332/753 396/148/359
f 139/22/536 585/258/535 395/331/752
f 809/333/754 585/258/535 582/334/755
f 585/258/535 809/333/754 811/332/753
f 812/335/756 807/336/757 805/337/758
f 813/338/759 814/127/760 815/339/761
f 817/110/762 818/110/763 787/110/745
f 824/280/673 721/282/676 825/340/764
f 821/341/765 416/161/378 820/156/373
f 831/342/766 793/110/767 826/110/768
f 827/110/769 793/110/767 791/110/747
f 791/110/747 792/137/746 827/110/769
f 804/343/770 828/110/771 419/110/772
f 827/110/769 828/110/771 803/344/773
f 788/110/774 816/110/775 789/110/744
f 797/110/743 829/110/776 786/110/741
f 794/110/777 831/342/766 832/110/778
f 785/110/740 829/110/776 784/330/739
f 794/110/777 834/110/779 797/110/743
f 834/110/779 832/110/778 833/110/728
f 794/110/777 832/110/778 834/110/779
f 806/345/780 836/346/781 801/347/782
f 840/348/783 735/302/696 835/349/784
f 809/333/754 838/350/785 808/351/786
f 838/350/785 582/334/755 744/257/530
f 582/334/755 838/350/785 809/333/754
f 744/257/530 552/22/529 551/307/701
f 808/351/786 839/352/787 806/345/780
f 747/301/695 837/353/788 743/306/700
f 838/350/785 837/353/788 840/348/783
f 785/110/740 844/127/789 853/110/790
f 842/354/791 845/355/792 841/356/793
f 846/357/794 845/355/792 842/354/791
f 848/358/795 824/280/673 851/359/796
f 824/280/673 848/358/795 847/360/797
f 847/360/797 849/361/798 760/318/715
f 719/22/671 847/360/797 712/22/714
f 848/358/795 850/362/799 849/361/798
f 851/359/796 845/355/792 850/362/799
f 822/363/800 845/355/792 851/359/796
f 852/137/801 769/110/725 775/110/729
f 826/110/768 830/110/802 831/342/766
f 775/110/729 830/110/802 852/137/801
f 852/137/801 830/110/802 835/349/784
f 801/347/782 830/110/802 826/110/768
f 835/349/784 770/110/724 852/137/801
f 785/110/740 853/110/790 829/110/776
f 843/110/803 817/110/762 786/110/741
f 525/215/455 508/191/427 507/185/421
f 855/193/429 54/9/9 687/31/31
f 517/241/482 534/251/492 533/250/491
f 516/240/481 533/250/491 532/273/652
f 533/250/491 516/240/481 517/241/482
f 521/245/486 511/209/448 538/254/495
f 519/267/646 522/364/804 540/232/473
f 688/239/480 698/271/650 531/365/805
f 728/290/684 689/265/644 730/292/686
f 729/329/737 728/290/684 727/289/683
f 777/326/732 729/329/737 856/366/806
f 856/366/806 729/329/737 727/289/683
f 779/110/736 784/330/739 781/110/738
f 857/327/733 782/291/685 723/284/678
f 776/283/677 780/296/690 783/110/734
f 723/284/678 781/110/738 776/283/677
f 790/110/334 799/110/751 798/110/742
f 1/2/2 3/5/5 4/22/79
f 2/3/3 1/2/2 4/22/79
f 447/367/807 54/9/9 6/11/11
f 6/11/11 7/10/10 95/69/80
f 3/5/5 6/11/11 4/22/79
f 52/4/4 55/178/412 3/5/5
f 56/179/413 57/75/237 8/13/13 11/23/23
f 8/13/13 10/68/75 11/23/23
f 13/78/240 16/16/16 15/19/19 14/70/100
f 9/12/12 8/13/13 57/75/237
f 13/78/240 14/70/100 12/71/102
f 16/16/16 13/78/240 59/49/52
f 24/22/122 20/22/22 19/21/21 23/26/26
f 17/15/15 15/19/19 16/16/16
f 64/17/17 66/20/20 17/15/15
f 19/21/21 18/18/18 17/15/15
f 11/23/23 10/68/75 21/24/24
f 25/25/25 21/24/24 22/368/808
f 307/54/57 39/94/277 37/73/186 38/22/188
f 24/22/122 23/26/26 22/368/808
f 25/25/25 22/368/808 23/26/26
f 28/32/32 27/50/53 26/33/33
f 75/29/29 31/28/28 687/31/31
f 265/177/411 28/32/32 31/28/28
f 34/22/38 36/35/35 33/34/34
f 269/53/56 36/35/35 30/39/41
f 30/39/41 184/38/40 29/52/55
f 40/80/242 307/54/57 38/22/188 214/22/809
f 44/59/62 43/22/196 41/22/810 42/57/60
f 42/57/60 41/22/810 45/22/48 46/45/47
f 61/369/811 59/49/52 275/84/247 60/370/812
f 76/41/43 47/40/42 33/34/34
f 49/43/45 48/42/44 46/45/47
f 47/40/42 49/43/45 234/22/206
f 50/44/46 234/22/206 49/43/45
f 58/14/14 9/12/12 57/75/237
f 13/78/240 275/84/247 59/49/52
f 56/179/413 11/23/23 25/25/25 69/180/414
f 59/49/52 61/369/811 62/48/51
f 64/17/17 16/16/16 65/47/50
f 71/371/813 66/20/20 67/182/416 70/181/415
f 25/25/25 68/77/239 69/180/414
f 72/76/238 25/25/25 23/26/26 71/371/813
f 25/25/25 72/76/238 68/77/239
f 74/372/814 30/39/41 29/52/55 73/51/54
f 66/20/20 71/371/813 23/26/26
f 27/50/53 28/32/32 73/51/54
f 77/373/815 80/55/58 307/54/57 78/81/243
f 31/28/28 266/27/27 265/177/411
f 33/34/34 267/36/36 76/41/43
f 30/39/41 74/372/814 269/53/56
f 102/22/816 100/22/817 99/22/86 101/22/85
f 81/60/63 42/57/60 85/63/66
f 42/57/60 83/61/64 85/63/66
f 46/45/47 88/66/69 83/61/64
f 90/22/71 10/68/75 94/22/74
f 5/8/8 2/3/3 92/22/149
f 4/22/79 92/22/149 2/3/3
f 96/22/76 92/22/149 4/22/79
f 92/22/149 96/22/76 174/22/78
f 92/22/149 94/22/74 5/8/8
f 94/22/74 92/22/149 89/67/72
f 94/22/74 89/67/72 90/22/71
f 8/13/13 5/8/8 94/22/74
f 96/22/76 97/22/83 93/22/77
f 4/22/79 6/11/11 95/69/80
f 547/22/81 96/22/76 95/69/80
f 97/22/83 548/22/82 98/22/147
f 102/22/816 103/22/396 325/166/394 104/22/818
f 111/22/120 110/22/95 112/22/117 113/22/118
f 100/22/817 102/22/816 104/22/818
f 105/374/819 100/22/817 104/22/818
f 144/22/110 106/22/820 107/22/96
f 110/22/95 111/22/120 107/22/96
f 113/22/118 112/22/117 124/22/821 114/22/822
f 114/22/822 124/22/821 125/22/89 115/22/88
f 120/22/109 106/22/820 109/22/93 119/22/823
f 121/22/97 107/22/96 106/22/820
f 128/22/101 127/22/151 283/22/150 129/22/252
f 130/22/92 119/22/823 109/22/93
f 106/22/820 120/22/109 121/22/97
f 123/22/99 117/22/87 125/22/89
f 126/22/135 122/22/98 123/22/99
f 12/71/102 128/22/101 129/22/252
f 14/70/100 15/19/19 130/22/92 131/22/824
f 106/22/820 144/22/110 147/22/112 109/22/93
f 14/70/100 131/22/824 128/22/101
f 176/22/84 132/22/103 101/22/85
f 133/22/395 102/22/816 101/22/85
f 135/22/356 133/22/395 134/22/104
f 101/22/85 134/22/104 133/22/395
f 103/22/396 102/22/816 133/22/395
f 132/22/103 136/22/105 134/22/104
f 138/22/534 135/22/356 134/22/104
f 134/22/104 137/22/106 138/22/534
f 140/144/354 135/22/356 139/22/536
f 138/22/534 139/22/536 135/22/356
f 141/22/107 121/22/97 120/22/109
f 142/22/108 120/22/109 119/22/823
f 130/22/92 142/22/108 119/22/823
f 150/22/121 149/22/119 113/22/118 151/22/127
f 145/22/113 144/22/110 143/22/111
f 20/22/22 141/22/107 18/18/18
f 111/22/120 149/22/119 107/22/96
f 143/22/111 107/22/96 149/22/119
f 149/22/119 150/22/121 143/22/111
f 152/22/825 24/22/122 22/368/808 153/22/137
f 125/22/89 152/22/825 153/22/137 123/22/99
f 124/22/821 24/22/122 152/22/825 125/22/89
f 153/22/137 126/22/135 123/22/99
f 112/22/117 148/22/116 124/22/821
f 24/22/122 124/22/821 148/22/116
f 154/22/126 114/22/822 115/22/88 155/22/123
f 114/22/822 154/22/126 113/22/118
f 122/22/98 91/22/73 162/22/134 116/22/90
f 157/22/124 117/22/87 118/22/91
f 155/22/123 158/22/129 154/22/126
f 159/22/128 154/22/126 158/22/129
f 161/22/130 157/22/124 156/22/125
f 600/22/132 158/22/129 161/22/130
f 153/22/137 22/368/808 21/24/24 165/22/136
f 168/22/139 156/22/125 118/22/91 163/22/133
f 165/22/136 91/22/73 126/22/135
f 607/22/558 160/22/131 156/22/125 168/22/139
f 166/22/140 168/22/139 163/22/133
f 167/22/142 169/22/138 166/22/140
f 172/22/144 163/22/133 162/22/134 171/22/143
f 170/22/141 607/22/558 168/22/139
f 172/22/144 171/22/143 174/22/78 93/22/77
f 162/22/134 91/22/73 171/22/143
f 164/22/70 171/22/143 91/22/73
f 172/22/144 173/22/145 167/22/142
f 166/22/140 172/22/144 167/22/142
f 170/22/141 167/22/142 612/22/561
f 612/22/561 167/22/142 175/22/146
f 210/22/181 202/22/168 200/22/170 205/22/210
f 173/22/145 615/22/148 175/22/146
f 93/22/77 97/22/83 173/22/145
f 89/67/72 174/22/78 171/22/143
f 130/22/92 177/22/152 131/22/824
f 128/22/101 131/22/824 177/22/152
f 178/22/155 179/22/154 34/22/38
f 182/22/157 181/22/156 183/22/158
f 29/52/55 184/38/40 182/22/157
f 27/50/53 182/22/157 26/33/33
f 179/22/154 181/22/156 184/38/40
f 187/22/159 183/22/158 185/22/233
f 187/22/159 188/30/30 26/33/33
f 187/22/159 185/22/233 186/22/232
f 191/22/164 195/22/163 190/22/190
f 237/22/173 203/22/172 238/22/209
f 204/22/182 238/22/209 203/22/172
f 198/22/167 197/22/178 208/22/179 199/22/165
f 204/22/182 210/22/181 205/22/210
f 196/22/166 207/22/174 189/22/176
f 199/22/165 207/22/174 196/22/166
f 203/22/172 249/22/171 212/22/222 213/22/183
f 202/22/168 209/22/177 201/22/169
f 199/22/165 208/22/179 224/22/201 223/22/195
f 204/22/182 203/22/172 213/22/183
f 38/22/188 215/22/187 214/22/809
f 37/73/186 216/22/185 38/22/188
f 217/72/184 264/74/236 216/22/185
f 263/22/235 215/22/187 216/22/185
f 190/22/190 218/22/189 189/22/176
f 221/22/199 189/22/176 218/22/189
f 194/22/160 220/22/191 193/22/161
f 654/22/197 221/22/199 218/22/189
f 223/22/195 41/22/810 43/22/196 207/22/174
f 41/22/810 223/22/195 224/22/201
f 196/22/166 189/22/176 221/22/199 225/22/826
f 197/22/178 198/22/167 226/22/827
f 225/22/826 226/22/827 198/22/167
f 226/22/827 225/22/826 227/22/198 228/22/828
f 198/22/167 196/22/166 225/22/826
f 221/22/199 227/22/198 225/22/826
f 229/22/200 45/22/48 41/22/810 224/22/201
f 201/22/169 197/22/178 226/22/827 232/22/203
f 230/22/202 201/22/169 232/22/203
f 232/22/203 226/22/827 228/22/828 233/67/615
f 231/22/204 232/22/203 233/67/615
f 213/22/183 212/22/222 252/22/221 234/22/206
f 234/22/206 235/22/205 211/22/180 213/22/183
f 236/22/207 229/22/200 202/22/168 210/22/181
f 205/22/210 200/22/170 230/22/202 240/22/214
f 211/22/180 236/22/207 210/22/181
f 237/22/173 238/22/209 242/22/211
f 239/22/208 242/22/211 238/22/209
f 249/22/171 250/22/223 254/22/218 247/22/217
f 239/22/208 205/22/210 240/22/214
f 241/22/212 242/22/211 243/22/622
f 244/22/213 243/22/622 242/22/211
f 230/22/202 245/22/215 240/22/214
f 244/22/213 240/22/214 245/22/215
f 246/22/216 248/22/219 247/22/217
f 250/22/223 249/22/171 237/22/173
f 212/22/222 249/22/171 247/22/217 251/22/220
f 73/51/54 446/6/6 58/14/14 74/372/814
f 34/22/38 47/40/42 178/22/155
f 178/22/155 252/22/221 212/22/222
f 253/22/227 246/22/216 254/22/218
f 255/22/224 250/22/223 237/22/173
f 256/22/229 253/22/227 254/22/218
f 237/22/173 241/22/212 255/22/224
f 256/22/229 254/22/218 255/22/224
f 261/22/226 251/22/220 248/22/219
f 257/22/225 246/22/216 253/22/227
f 258/22/228 253/22/227 260/22/230
f 262/22/234 261/22/226 257/22/225
f 185/22/233 258/22/228 186/22/232
f 262/22/234 257/22/225 258/22/228
f 183/22/158 262/22/234 258/22/228
f 263/22/235 264/74/236 334/90/261
f 446/6/6 73/51/54 28/32/32
f 269/53/56 58/14/14 57/75/237 268/37/39
f 58/14/14 269/53/56 74/372/814
f 86/65/68 72/76/238 71/371/813 48/42/44
f 63/46/49 82/58/61 81/60/63
f 84/62/65 66/20/20 85/63/66
f 68/77/239 86/65/68 87/64/67
f 88/66/69 48/42/44 71/371/813 70/181/415
f 83/61/64 88/66/69 70/181/415
f 277/87/250 77/373/815 78/81/243 44/59/62
f 271/22/253 272/79/241 12/71/102
f 272/79/241 356/83/246 13/78/240
f 214/22/809 273/22/244 40/80/242
f 43/22/196 44/59/62 274/82/245
f 78/81/243 274/82/245 44/59/62
f 40/80/242 274/82/245 78/81/243
f 275/84/247 270/85/248 60/370/812
f 127/22/151 128/22/101 279/22/251 278/22/255
f 127/22/151 278/22/255 176/22/84
f 280/22/257 282/22/829 129/22/252 281/22/254
f 286/22/285 100/22/817 105/374/819 316/102/286
f 271/22/253 129/22/252 282/22/829
f 108/22/94 284/22/267 177/22/152
f 279/22/251 177/22/152 284/22/267
f 278/22/255 285/22/266 132/22/103
f 279/22/251 285/22/266 278/22/255
f 281/22/254 99/22/86 100/22/817 287/22/256
f 100/22/817 286/22/285 287/22/256
f 280/22/257 287/22/256 286/22/285
f 283/22/150 176/22/84 281/22/254
f 99/22/86 281/22/254 176/22/84
f 274/82/245 273/22/244 293/22/264 294/22/265
f 334/90/261 288/22/262 263/22/235
f 192/22/162 263/22/235 288/22/262
f 335/120/304 290/22/258 334/90/261
f 335/120/304 291/88/259 290/22/258
f 274/82/245 294/22/265 43/22/196
f 293/22/264 214/22/809 215/22/187 292/22/830
f 206/22/175 43/22/196 294/22/265
f 214/22/809 293/22/264 273/22/244
f 288/22/262 290/22/258 295/22/271 296/22/263
f 292/22/830 193/22/161 191/22/164 293/22/264
f 194/22/160 288/22/262 296/22/263
f 295/22/271 290/22/258 289/89/260
f 299/22/270 295/22/271 297/159/376
f 289/89/260 297/159/376 295/22/271
f 294/22/265 190/22/190 206/22/175
f 189/22/176 206/22/175 190/22/190
f 215/22/187 192/22/162 292/22/830
f 193/22/161 292/22/830 192/22/162
f 326/115/299 331/375/831 364/183/417 357/184/418
f 279/22/251 298/22/268 285/22/266
f 285/22/266 707/22/269 136/22/105
f 299/22/270 300/22/272 296/22/263
f 219/22/192 296/22/263 300/22/272
f 297/159/376 301/158/375 299/22/270
f 303/22/273 299/22/270 301/158/375
f 302/281/675 303/22/273 301/158/375
f 356/83/246 305/93/276 304/91/274
f 308/95/278 359/100/283 306/133/317
f 356/83/246 309/136/327 310/98/281
f 313/96/279 307/54/57 79/56/59
f 328/111/295 314/105/289 315/112/296
f 105/374/819 315/112/296 314/105/289
f 314/105/289 316/102/286 105/374/819
f 318/103/287 320/106/290 319/135/321
f 320/106/290 350/109/293 319/135/321
f 323/108/292 321/107/291 322/169/399
f 314/105/289 317/104/288 364/183/417
f 327/114/298 305/93/276 271/22/253 282/22/829
f 304/91/274 326/115/299 357/184/418
f 104/22/818 325/166/394 105/374/819
f 315/112/296 105/374/819 325/166/394
f 330/113/297 315/112/296 432/165/393
f 325/166/394 432/165/393 315/112/296
f 305/93/276 327/114/298 326/115/299
f 39/94/277 308/95/278 348/132/316 347/117/301
f 316/102/286 327/114/298 280/22/257
f 282/22/829 280/22/257 327/114/298
f 326/115/299 316/102/286 331/375/831
f 432/165/393 329/170/400 330/113/297
f 321/107/291 330/113/297 329/170/400
f 330/113/297 321/107/291 320/106/290
f 364/183/417 331/375/831 314/105/289
f 316/102/286 314/105/289 331/375/831
f 332/116/300 333/119/303 334/90/261
f 264/74/236 332/116/300 334/90/261
f 336/123/307 338/118/302 339/121/305
f 343/134/318 339/121/305 338/118/302
f 339/121/305 342/127/311 337/122/306
f 348/132/316 306/133/317 343/134/318
f 344/129/313 345/128/312 346/131/315
f 333/119/303 345/128/312 291/88/259
f 291/88/259 335/120/304 333/119/303
f 338/118/302 349/130/314 333/119/303
f 345/128/312 333/119/303 349/130/314
f 347/117/301 264/74/236 217/72/184
f 347/117/301 217/72/184 37/73/186
f 332/116/300 347/117/301 343/134/318 338/118/302
f 349/130/314 338/118/302 336/123/307
f 389/142/352 387/141/351 386/140/350 388/139/349
f 340/124/308 346/131/315 341/125/309
f 448/99/282 365/376/832 311/101/284
f 355/110/320 350/109/293 324/110/294
f 351/127/319 353/127/324 354/127/323
f 354/127/323 428/127/390 366/127/326
f 352/110/325 353/127/324 355/110/320
f 358/92/275 363/137/329 359/100/283
f 357/184/418 358/92/275 304/91/274
f 360/110/330 361/110/328 343/134/318
f 362/110/331 318/103/287 319/135/321
f 309/136/327 311/101/284 365/376/832
f 363/137/329 366/127/326 367/127/332
f 368/137/402 342/127/311 367/127/332
f 375/127/833 378/110/341 373/110/337
f 378/110/341 382/110/338 373/110/337
f 379/110/347 377/110/343 372/110/340
f 378/110/341 372/110/340 377/110/343
f 378/110/341 380/110/344 382/110/338
f 449/110/420 382/110/338 450/110/419
f 383/110/345 450/110/419 382/110/338
f 449/110/420 381/110/339 382/110/338
f 383/110/345 380/110/344 377/110/343
f 383/110/345 377/110/343 384/110/346
f 390/149/360 804/343/770 391/143/353 389/142/352
f 421/127/384 422/110/372 402/110/363 405/127/366
f 392/146/357 140/144/354 395/331/752
f 139/22/536 395/331/752 140/144/354
f 393/150/361 392/146/357 396/148/359
f 395/331/752 396/148/359 392/146/357
f 397/147/358 393/150/361 396/148/359
f 389/142/352 397/147/358 390/149/360
f 385/138/348 398/151/362 388/139/349
f 402/110/363 403/110/370 400/152/364
f 399/155/369 400/152/364 403/110/370
f 404/154/368 405/127/366 401/153/365
f 406/127/367 421/127/384 405/127/366
f 407/162/379 409/377/834 401/153/365 400/152/364
f 409/377/834 408/174/407 404/154/368 401/153/365
f 820/156/373 407/162/379 400/152/364
f 410/160/377 411/378/835 302/281/675 301/158/375
f 413/176/409 414/379/836 410/160/377 412/157/374
f 414/379/836 415/380/837 411/378/835 410/160/377
f 407/162/379 416/161/378 415/380/837 414/379/836
f 409/377/834 407/162/379 414/379/836
f 418/110/382 375/127/833 373/110/337 417/127/381
f 408/174/407 409/377/834 413/176/409
f 414/379/836 413/176/409 409/377/834
f 391/143/353 420/110/838 418/110/382 387/141/351
f 386/140/350 417/127/381 385/138/348
f 374/110/380 385/138/348 417/127/381
f 804/343/770 419/110/772 391/143/353
f 420/110/838 391/143/353 419/110/772
f 420/110/838 378/110/341 375/127/833 418/110/382
f 378/110/341 420/110/838 376/110/342
f 427/127/387 381/110/339 449/110/420 429/110/389
f 419/110/772 376/110/342 420/110/838
f 371/110/383 369/110/336 421/127/384
f 422/110/372 421/127/384 369/110/336
f 790/110/334 423/127/371 370/137/335
f 422/110/372 370/137/335 403/110/370
f 374/110/380 373/110/337 425/110/386
f 369/110/336 424/127/385 429/110/389
f 381/110/339 427/127/387 425/110/386
f 355/110/320 426/110/388 352/110/325
f 427/127/387 352/110/325 426/110/388
f 435/168/398 430/381/839 323/108/292 322/169/399
f 433/164/392 133/22/395 135/22/356 394/145/355
f 430/381/839 435/168/398 431/163/391
f 398/151/362 431/163/391 435/168/398
f 433/164/392 434/167/397 432/165/393
f 103/22/396 433/164/392 325/166/394
f 329/170/400 432/165/393 434/167/397 435/168/398
f 394/145/355 392/146/357 434/167/397
f 434/167/397 398/151/362 435/168/398
f 329/170/400 322/169/399 321/107/291
f 430/381/839 444/110/410 443/110/322 323/108/292
f 437/110/401 438/137/403 436/171/404
f 404/154/368 436/171/404 438/137/403
f 342/127/311 368/137/402 439/126/310
f 437/110/401 439/126/310 368/137/402
f 408/174/407 440/172/405 436/171/404
f 442/175/408 289/89/260 344/129/313
f 413/176/409 442/175/408 440/172/405
f 441/173/406 440/172/405 442/175/408
f 340/124/308 441/173/406 344/129/313
f 442/175/408 344/129/313 441/173/406
f 385/138/348 374/110/380 444/110/410 431/163/391
f 447/367/807 266/27/27 75/29/29 54/9/9
f 444/110/410 430/381/839 431/163/391
f 425/110/386 444/110/410 374/110/380
f 371/110/383 438/137/403 424/127/385
f 367/127/332 445/110/333 368/137/402
f 28/32/32 52/4/4 51/1/1
f 77/373/815 60/370/812 270/85/248 80/55/58
f 265/177/411 55/178/412 52/4/4
f 266/27/27 447/367/807 55/178/412
f 267/36/36 57/75/237 56/179/413
f 65/47/50 81/60/63 85/63/66 64/17/17
f 270/85/248 79/56/59 80/55/58
f 81/60/63 65/47/50 63/46/49
f 84/62/65 83/61/64 67/182/416 66/20/20
f 276/86/249 62/48/51 61/369/811 277/87/250
f 87/64/67 69/180/414 68/77/239
f 76/41/43 56/179/413 69/180/414
f 62/48/51 276/86/249 82/58/61
f 277/87/250 61/369/811 60/370/812 77/373/815
f 448/99/282 310/98/281 309/136/327 365/376/832
f 310/98/281 79/56/59 270/85/248
f 7/10/10 855/193/429 509/235/476 456/192/428
f 428/127/390 424/127/385 366/127/326
f 359/100/283 311/101/284 309/136/327
f 363/137/329 362/110/331 366/127/326
f 351/127/319 366/127/326 362/110/331
f 362/110/331 358/92/275 364/183/417
f 790/110/334 369/110/336 384/110/346
f 383/110/345 384/110/346 369/110/336
f 449/110/420 450/110/419 369/110/336
f 457/22/430 453/189/425 452/188/424
f 854/187/423 451/186/422 453/189/425
f 508/191/427 455/255/499 451/186/422
f 451/186/422 455/255/499 452/188/424
f 455/255/499 508/191/427 513/237/478 463/382/840
f 457/22/430 456/192/428 453/189/425
f 459/195/432 461/197/434 458/383/841
f 463/382/840 462/256/501 455/255/499
f 462/256/501 463/382/840 459/195/432 458/383/841
f 513/237/478 459/195/432 463/382/840
f 466/198/435 465/22/437 467/22/442 468/203/441
f 475/208/447 474/206/445 478/210/449 476/384/842
f 514/200/438 466/198/435 468/203/441
f 471/204/443 469/202/440 470/385/843
f 472/22/450 473/205/444 470/385/843
f 471/204/443 470/385/843 473/205/444
f 476/384/842 477/207/446 475/208/447
f 474/206/445 473/205/444 478/210/449
f 529/249/490 528/262/641 490/224/464 489/223/463
f 485/212/452 481/217/457 480/213/453
f 482/386/844 483/226/466 484/214/454
f 483/226/466 526/247/488 485/212/452
f 483/226/466 485/212/452 484/214/454
f 32/220/460 687/31/31 188/30/30
f 488/229/470 529/249/490 489/223/463
f 492/278/664 493/22/603 762/259/604 494/288/682
f 490/224/464 483/226/466 482/386/844
f 491/222/462 490/224/464 482/386/844
f 699/272/651 498/252/493 497/387/845 500/279/667
f 495/270/649 492/278/664 494/288/682
f 496/227/468 497/387/845 498/252/493
f 505/231/472 504/388/846 664/22/617 506/234/475
f 497/387/845 499/22/609 500/279/667
f 502/228/469 496/227/468 498/252/493
f 489/223/463 503/230/471 488/229/470
f 505/231/472 503/230/471 504/388/846
f 535/248/489 488/229/470 505/231/472
f 454/190/426 453/189/425 456/192/428 510/236/477
f 502/228/469 540/232/473 506/234/475
f 548/22/82 547/22/81 544/22/500 545/22/562
f 460/194/431 512/196/433 511/209/448
f 471/204/443 518/243/484 517/241/482
f 474/206/445 522/364/804 520/242/483
f 522/364/804 519/267/646 520/242/483
f 479/211/451 522/364/804 474/206/445
f 479/211/451 475/208/447 523/244/485
f 530/225/465 490/224/464 528/262/641
f 495/270/649 691/264/643 531/365/805
f 495/270/649 689/265/644 691/264/643
f 498/252/493 699/272/651 533/250/491
f 532/273/652 533/250/491 699/272/651
f 540/232/473 502/228/469 693/253/494
f 693/253/494 534/251/492 692/266/645
f 505/231/472 536/233/474 535/248/489
f 540/232/473 539/389/847 536/233/474
f 543/22/497 541/22/496 542/22/503
f 458/383/841 543/22/497 542/22/503
f 458/383/841 461/197/434 543/22/497
f 544/22/500 546/22/502 545/22/562
f 452/188/424 544/22/500 457/22/430
f 458/383/841 542/22/503 462/256/501
f 546/22/502 542/22/503 541/22/496
f 547/22/81 95/69/80 457/22/430
f 555/22/510 569/22/538 568/22/526 556/22/542
f 549/22/505 550/275/658 731/295/689
f 552/22/529 549/22/505 551/307/701
f 549/22/505 731/295/689 551/307/701
f 593/22/512 554/22/508 558/22/543
f 560/22/511 561/22/521 593/22/512
f 598/22/519 564/22/518 599/22/848
f 563/22/516 599/22/848 564/22/518
f 566/22/509 569/22/538 555/22/510
f 564/22/518 565/22/517 570/22/524 572/22/523
f 592/22/545 567/22/520 561/22/521
f 576/22/570 579/22/849 706/22/656 575/22/567
f 573/22/515 564/22/518 572/22/523
f 560/22/511 562/22/514 574/22/549
f 573/22/515 574/22/549 562/22/514
f 576/22/570 578/22/525 465/22/437
f 576/22/570 577/22/527 578/22/525
f 579/22/849 576/22/570 464/199/436
f 549/22/505 552/22/529 580/22/528 581/22/531
f 465/22/437 464/199/436 576/22/570
f 587/22/539 470/385/843 469/202/440 586/22/540
f 553/22/506 549/22/505 581/22/531
f 584/22/533 580/22/528 582/334/755
f 744/257/530 582/334/755 580/22/528
f 584/22/533 137/22/106 581/22/531
f 583/22/532 581/22/531 137/22/106
f 582/334/755 585/258/535 584/22/533
f 590/22/541 589/22/544 557/22/507 555/22/510
f 469/202/440 588/22/537 586/22/540
f 467/22/442 578/22/525 588/22/537
f 568/22/526 569/22/538 588/22/537
f 567/22/520 586/22/540 566/22/509
f 557/22/507 589/22/544 554/22/508
f 558/22/543 554/22/508 589/22/544
f 147/22/112 145/22/113 589/22/544 590/22/541
f 556/22/542 590/22/541 555/22/510
f 150/22/121 151/22/127 594/22/547 595/22/546
f 146/22/115 147/22/112 590/22/541
f 591/22/114 589/22/544 145/22/113
f 592/22/545 472/22/450 587/22/539
f 470/385/843 587/22/539 472/22/450
f 592/22/545 587/22/539 567/22/520
f 595/22/546 558/22/543 591/22/114
f 595/22/546 591/22/114 150/22/121
f 597/22/550 596/22/548 573/22/515 572/22/523
f 594/22/547 593/22/512 595/22/546
f 592/22/545 574/22/549 596/22/548
f 476/384/842 478/210/449 596/22/548 597/22/550
f 477/207/446 476/384/842 597/22/550 606/22/556
f 594/22/547 159/22/128 562/22/514
f 563/22/516 562/22/514 159/22/128
f 598/22/519 599/22/848 601/22/551
f 563/22/516 601/22/551 599/22/848
f 160/22/131 601/22/551 161/22/130
f 600/22/132 161/22/130 601/22/551
f 603/22/554 602/22/553 598/22/519
f 565/22/517 598/22/519 602/22/553
f 605/22/498 571/22/522 570/22/524
f 602/22/553 605/22/498 570/22/524
f 606/22/556 543/22/497 461/197/434 477/207/446
f 543/22/497 606/22/556 605/22/498
f 610/22/555 614/22/565 541/22/496 605/22/498
f 608/22/557 604/22/552 603/22/554
f 607/22/558 603/22/554 598/22/519
f 612/22/561 609/22/559 608/22/557
f 598/22/519 160/22/131 607/22/558
f 170/22/141 608/22/557 607/22/558
f 170/22/141 612/22/561 608/22/557
f 602/22/553 604/22/552 610/22/555
f 556/22/542 568/22/526 577/22/527 701/22/569
f 611/22/560 609/22/559 612/22/561
f 615/22/148 612/22/561 175/22/146
f 610/22/555 613/22/564 614/22/565
f 548/22/82 616/22/563 615/22/148
f 616/22/563 611/22/560 615/22/148
f 706/22/656 617/22/504 575/22/567
f 618/22/566 576/22/570 575/22/567
f 617/22/504 700/22/568 575/22/567
f 486/221/461 188/30/30 187/22/159 623/22/576
f 680/22/633 620/22/626 619/22/571
f 622/22/572 621/22/575 682/22/573
f 486/221/461 484/214/454 480/213/453
f 684/22/574 619/22/571 622/22/572
f 491/222/462 622/22/572 619/22/571
f 622/22/572 491/222/462 482/386/844
f 484/214/454 622/22/572 482/386/844
f 188/30/30 486/221/461 32/220/460
f 638/22/850 645/22/851 646/22/588 637/22/587
f 645/22/851 638/22/850 644/22/580
f 714/22/663 649/22/579 650/22/599 493/22/603
f 633/22/583 644/22/580 638/22/850
f 631/22/594 641/22/591 643/22/595
f 624/22/593 640/22/590 629/22/611
f 629/22/611 640/22/590 630/22/589
f 632/22/596 643/22/595 642/22/582
f 648/22/598 635/22/584 646/22/588
f 492/278/664 714/22/663 493/22/603
f 655/22/852 656/22/193 626/22/607 625/22/605
f 649/22/579 651/22/602 650/22/599
f 654/22/197 655/22/852 625/22/605
f 657/22/608 627/22/578 628/22/577 658/22/606
f 499/22/609 497/387/845 659/22/610 640/22/590
f 626/22/607 658/22/606 628/22/577
f 654/22/197 218/22/189 655/22/852
f 656/22/193 655/22/852 218/22/189
f 658/22/606 220/22/191 222/22/194
f 659/22/610 641/22/591 640/22/590
f 631/22/594 661/22/614 660/22/612 630/22/589
f 496/227/468 659/22/610 497/387/845
f 661/22/614 631/22/594 632/22/596
f 661/22/614 228/22/828 227/22/198 660/22/612
f 227/22/198 629/22/611 660/22/612
f 666/22/618 645/22/851 644/22/580 662/22/613
f 663/22/616 231/22/204 233/67/615
f 661/22/614 233/67/615 228/22/828
f 646/22/588 664/22/617 648/22/598
f 665/22/628 648/22/598 664/22/617
f 665/22/628 647/22/597 648/22/598
f 664/22/617 646/22/588 645/22/851 666/22/618
f 670/22/624 638/22/850 637/22/587 669/22/621
f 501/22/467 506/234/475 666/22/618
f 662/22/613 501/22/467 666/22/618
f 504/388/846 665/22/628 664/22/617
f 638/22/850 670/22/624 633/22/583
f 647/22/597 620/22/626 673/22/630 636/22/585
f 663/22/616 633/22/583 670/22/624
f 667/22/619 635/22/584 668/22/586
f 244/22/213 672/22/623 243/22/622
f 669/22/621 672/22/623 670/22/624
f 245/22/215 670/22/624 672/22/623
f 243/22/622 667/22/619 671/22/620
f 673/22/630 677/22/625 636/22/585
f 665/22/628 504/388/846 503/230/471 674/22/627
f 674/22/627 620/22/626 647/22/597
f 674/22/627 503/230/471 489/223/463 619/22/571
f 678/22/632 671/22/620 668/22/586 677/22/625
f 255/22/224 241/22/212 671/22/620 678/22/632
f 676/22/629 678/22/632 677/22/625
f 259/22/231 683/22/635 621/22/575 623/22/576
f 256/22/229 255/22/224 678/22/632
f 680/22/633 679/22/634 673/22/630
f 673/22/630 620/22/626 680/22/633
f 675/22/631 679/22/634 681/22/636
f 673/22/630 679/22/634 675/22/631
f 681/22/636 260/22/230 675/22/631
f 681/22/636 259/22/231 260/22/230
f 682/22/573 621/22/575 683/22/635
f 682/22/573 683/22/635 679/22/634
f 623/22/576 186/22/232 259/22/231
f 507/185/421 854/187/423 524/216/456 525/215/455
f 683/22/635 259/22/231 681/22/636
f 684/22/574 682/22/573 680/22/633
f 713/22/661 748/260/638 685/22/637
f 652/22/600 685/22/637 686/261/639
f 627/22/578 651/22/602 649/22/579
f 854/187/423 454/190/426 487/218/458 524/216/456
f 510/236/477 509/235/476 527/219/459 487/218/458
f 692/266/645 520/242/483 519/267/646 693/253/494
f 492/278/664 495/270/649 699/272/651 697/277/662
f 535/248/489 538/254/495 511/209/448
f 464/199/436 695/268/647 694/22/703
f 466/198/435 695/268/647 464/199/436
f 696/201/439 724/269/648 695/268/647
f 708/22/674 701/22/569 618/22/566 298/22/268
f 699/272/651 500/279/667 697/277/662
f 495/270/649 531/365/805 698/271/650
f 704/274/655 703/22/654 705/22/657
f 703/22/654 709/22/660 706/22/656
f 464/199/436 694/22/703 579/22/849
f 705/22/657 579/22/849 694/22/703
f 705/22/657 706/22/656 579/22/849
f 553/22/506 707/22/269 700/22/568
f 146/22/115 556/22/542 708/22/674
f 701/22/569 708/22/674 556/22/542
f 716/22/665 639/22/592 624/22/593 625/22/605
f 709/22/660 702/22/653 550/275/658
f 617/22/504 709/22/660 549/22/505
f 550/275/658 549/22/505 709/22/660
f 627/22/578 711/22/668 710/22/640
f 761/319/716 710/22/640 712/22/714
f 761/319/716 713/22/661 710/22/640
f 649/22/579 714/22/663 628/22/577
f 715/22/666 628/22/577 714/22/663
f 697/277/662 716/22/665 714/22/663
f 499/22/609 716/22/665 500/279/667
f 627/22/578 657/22/608 711/22/668
f 720/22/672 717/22/669 718/22/670
f 711/22/668 718/22/670 717/22/669
f 710/22/640 717/22/669 712/22/714
f 717/22/669 719/22/671 712/22/714
f 625/22/605 626/22/607 715/22/666 716/22/665
f 725/286/680 694/22/703 695/268/647 724/269/648
f 515/238/479 514/200/438 532/273/652
f 688/239/480 515/238/479 698/271/650
f 708/22/674 284/22/267 146/22/115
f 657/22/608 222/22/194 718/22/670
f 303/22/273 720/22/672 300/22/272
f 718/22/670 300/22/272 720/22/672
f 721/282/676 720/22/672 302/281/675
f 737/303/697 746/293/687 733/297/691 734/300/694
f 494/288/682 726/287/681 495/270/649
f 729/329/737 724/269/648 728/290/684
f 723/284/678 724/269/648 729/329/737
f 740/305/699 731/295/689 741/294/688
f 731/295/689 732/276/659 746/293/687
f 780/296/690 781/110/738 733/297/691
f 737/303/697 742/309/704 743/306/700 741/294/688
f 733/297/691 767/298/692 734/300/694
f 735/302/696 736/299/693 767/298/692
f 746/293/687 739/390/853 738/304/698
f 739/390/853 746/293/687 732/276/659 745/308/702
f 740/305/699 743/306/700 551/307/701
f 744/257/530 551/307/701 743/306/700
f 732/276/659 704/274/655 745/308/702
f 705/22/657 725/286/680 704/274/655
f 747/301/695 742/309/704 736/299/693
f 737/303/697 736/299/693 742/309/704
f 739/390/853 745/308/702 725/286/680 722/285/679
f 686/261/639 762/259/604 653/22/601 652/22/600
f 753/311/706 752/314/709 758/321/718
f 751/315/710 752/314/709 753/311/706
f 756/137/711 757/313/708 754/324/721
f 755/322/719 754/324/721 757/313/708
f 758/321/718 782/291/685 763/320/717
f 764/317/713 759/316/712 849/361/798
f 760/318/715 849/361/798 759/316/712
f 761/319/716 759/316/712 749/310/705
f 713/22/661 761/319/716 748/260/638
f 749/310/705 748/260/638 761/319/716
f 759/316/712 761/319/716 760/318/715
f 722/285/679 783/110/734 738/304/698 739/390/853
f 750/312/707 763/320/717 762/259/604
f 764/317/713 755/322/719 751/315/710
f 849/361/798 765/323/720 764/317/713
f 755/322/719 764/317/713 765/323/720
f 763/320/717 750/312/707 758/321/718
f 856/366/806 727/289/683 857/327/733
f 727/289/683 728/290/684 730/292/686
f 769/110/725 767/298/692 768/325/723
f 772/110/726 773/137/730 771/110/727
f 772/110/726 774/110/731 773/137/730
f 781/110/738 784/330/739 771/110/727
f 833/110/728 771/110/727 784/330/739
f 771/110/727 768/325/723 766/137/722
f 779/110/736 758/321/718 752/314/709
f 781/110/738 771/110/727 766/137/722
f 786/110/741 789/110/744 790/110/334 798/110/742
f 723/284/678 779/110/736 781/110/738
f 782/291/685 857/327/733 727/289/683
f 783/110/734 780/296/690 738/304/698
f 857/327/733 777/326/732 856/366/806
f 779/110/736 752/314/709 756/137/711
f 831/342/766 794/110/777 795/110/748 791/110/747
f 788/110/774 789/110/744 787/110/745
f 791/110/747 372/110/340 792/137/746
f 831/342/766 791/110/747 793/110/767
f 807/336/757 806/345/780 801/347/782 802/391/854
f 379/110/347 796/110/749 800/110/750
f 799/110/751 796/110/749 798/110/742
f 794/110/777 797/110/743 798/110/742
f 384/110/346 379/110/347 800/110/750
f 794/110/777 798/110/742 795/110/748
f 796/110/749 795/110/748 798/110/742
f 803/344/773 804/343/770 805/337/758
f 390/149/360 805/337/758 804/343/770
f 802/391/854 803/344/773 805/337/758 807/336/757
f 808/351/786 810/392/855 811/332/753 809/333/754
f 812/335/756 390/149/360 396/148/359 810/392/855
f 396/148/359 811/332/753 810/392/855
f 395/331/752 585/258/535 811/332/753
f 807/336/757 812/335/756 810/392/855 808/351/786
f 806/345/780 807/336/757 808/351/786
f 399/155/369 423/127/371 816/110/775 813/338/759
f 390/149/360 812/335/756 805/337/758
f 6/11/11 3/5/5 55/178/412 447/367/807
f 813/338/759 816/110/775 788/110/774 814/127/760
f 814/127/760 788/110/774 787/110/745 818/110/763
f 821/341/765 815/339/761 819/393/856 822/363/800
f 815/339/761 818/110/763 819/393/856
f 815/339/761 814/127/760 818/110/763
f 817/110/762 819/393/856 818/110/763
f 815/339/761 821/341/765 820/156/373
f 820/156/373 813/338/759 815/339/761
f 820/156/373 399/155/369 813/338/759
f 302/281/675 411/378/835 825/340/764 721/282/676
f 411/378/835 415/380/837 823/394/857 825/340/764
f 825/340/764 823/394/857 851/359/796 824/280/673
f 823/394/857 821/341/765 822/363/800 851/359/796
f 415/380/837 416/161/378 821/341/765 823/394/857
f 376/110/342 419/110/772 828/110/771 792/137/746
f 802/391/854 801/347/782 826/110/768 793/110/767
f 827/110/769 792/137/746 828/110/771
f 803/344/773 828/110/771 804/343/770
f 793/110/767 827/110/769 803/344/773 802/391/854
f 816/110/775 423/127/371 790/110/334 789/110/744
f 786/110/741 817/110/762 787/110/745
f 774/110/731 772/110/726 833/110/728 832/110/778
f 775/110/729 831/342/766 830/110/802
f 832/110/778 831/342/766 775/110/729
f 784/330/739 829/110/776 833/110/728
f 797/110/743 833/110/728 829/110/776
f 775/110/729 774/110/731 832/110/778
f 839/352/787 840/348/783 835/349/784 836/346/781
f 806/345/780 839/352/787 836/346/781
f 819/393/856 817/110/762 843/110/803 841/356/793
f 838/350/785 744/257/530 837/353/788
f 743/306/700 837/353/788 744/257/530
f 808/351/786 838/350/785 839/352/787
f 840/348/783 839/352/787 838/350/785
f 840/348/783 837/353/788 735/302/696
f 747/301/695 735/302/696 837/353/788
f 841/356/793 843/110/803 844/127/789 842/354/791
f 822/363/800 819/393/856 841/356/793 845/355/792
f 853/110/790 844/127/789 843/110/803
f 785/110/740 756/137/711 844/127/789
f 846/357/794 844/127/789 756/137/711 754/324/721
f 531/365/805 691/264/643 690/263/642 688/239/480
f 844/127/789 846/357/794 842/354/791
f 719/22/671 824/280/673 847/360/797
f 847/360/797 848/358/795 849/361/798
f 712/22/714 847/360/797 760/318/715
f 754/324/721 765/323/720 846/357/794
f 850/362/799 846/357/794 765/323/720
f 850/362/799 845/355/792 846/357/794
f 849/361/798 850/362/799 765/323/720
f 848/358/795 851/359/796 850/362/799
f 852/137/801 770/110/724 769/110/725
f 801/347/782 836/346/781 830/110/802
f 835/349/784 830/110/802 836/346/781
f 835/349/784 735/302/696 770/110/724
f 829/110/776 843/110/803 786/110/741
f 829/110/776 853/110/790 843/110/803
f 525/215/455 526/247/488 508/191/427
f 513/237/478 508/191/427 530/225/465
f 512/196/433 513/237/478 528/262/641
f 536/233/474 539/389/847 479/211/451 523/244/485
f 518/243/484 534/251/492 517/241/482
f 537/246/487 521/245/486 538/254/495
f 537/246/487 536/233/474 523/244/485
f 479/211/451 539/389/847 540/232/473 522/364/804
f 698/271/650 515/238/479 532/273/652
f 690/263/642 689/265/644 728/290/684
f 776/283/677 781/110/738 780/296/690
f 790/110/334 384/110/346 800/110/750
f 790/110/334 800/110/750 799/110/751
f 797/110/743 834/110/779 833/110/728
